SR_PCODE,SR_NAME,SR_MM_NAME,TS_PCODE,TS_NAME,TS_MM_NAME,POP,PHYSNB,PHYSR,NURSNB,NURSR,HSNB,HSR
MMR001,Kachin,ကချင်ပြည်နယ်,MMR001001,Myitkyina,မြစ်ကြီးနား,238394,70, 1:3406,283, 1:842,6, 1:39732
MMR001,Kachin,ကချင်ပြည်နယ်,MMR001002,Waingmaw,ဝိုင်းမော်,114326,5, 1:22865,46, 1:2485,4, 1:288581
MMR001,Kachin,ကချင်ပြည်နယ်,MMR001003,Injangyang,အင်ဂျန်းယန်,8199,1, 1:8199,9, 1:911,1, 1:8199
MMR001,Kachin,ကချင်ပြည်နယ်,MMR001004,Tanai,တနိုင်း,55368,8, 1:6921,36, 1:1538,5, 1:11074
MMR001,Kachin,ကချင်ပြည်နယ်,MMR001005,Chipwi,ချီဗွေ,20881,1, 1:20881,19, 1:1099,1, 1:20881
MMR001,Kachin,ကချင်ပြည်နယ်,MMR001006,Tsawlaw,ဆော့လော်,7428,1, 1:7428,8, 1:929,1, 1:7428
MMR001,Kachin,ကချင်ပြည်နယ်,MMR001007,Mohnyin,မိုးညှင်း,204950,37, 1:5539,110, 1:1863,6, 1:36643
MMR001,Kachin,ကချင်ပြည်နယ်,MMR001008,Mogaung,မိုးကောင်း,140807,9,1:16263,34, 1:4304,4,1:36588
MMR001,Kachin,ကချင်ပြည်နယ်,MMR001009,Hpakant,ဖားကန့်,125033,15,1:14627,52,1:4219,5,1:36148
MMR001,Kachin,ကချင်ပြည်နယ်,MMR001010,Bhamo,ဗန်းမော်,129327,57,1:2269,163,1:793,7,1:18475
MMR001,Kachin,ကချင်ပြည်နယ်,MMR001011,Shwegu,ရွှေကူ,87291,8,1:10911,41,1:2129,7,1:12470
MMR001,Kachin,ကချင်ပြည်နယ်,MMR001012,Momauk,မိုးမောက်,84566,7,1:12080,31,1:2727,6,1:14094
MMR001,Kachin,ကချင်ပြည်နယ်,MMR001013,Mansi,မန်စီ,77411,3,1:25804,12,1:6451,4,1:19353
MMR001,Kachin,ကချင်ပြည်နယ်,MMR001014,Puta-O,ပူတာအို,63203,11,1:5745,59,1:7071,2,1:31601
MMR001,Kachin,ကချင်ပြည်နယ်,MMR001015,Sumprabum,ဆွမ်ပရာဘွမ်,10428,1, 1:10428,5,1:2085,0,0
MMR001,Kachin,ကချင်ပြည်နယ်,MMR001016,Machanbaw,မချမ်းဘော,9244,3, 1:3081,17,1:544,2, 1:4622
MMR001,Kachin,ကချင်ပြည်နယ်,MMR001017,Nawngmun,နောင်မွန်း,5790,1,1:5790,11,1:526,1,1:5790
MMR001,Kachin,ကချင်ပြည်နယ်,MMR001018,Khaunglanhpu,ခေါင်လန်ဖူး,13179,1,1:13179,4,1:3294,2,1:6589
MMR002,Kayah,ကယားပြည်နယ်,MMR002001,Loikaw,လွိုင်ကော်,118683,86,1:1371,260,1:453,4,1:29485
MMR002,Kayah,ကယားပြည်နယ်,MMR002002,Demoso,ဒီမောဆို,86790,6,1:17,28,1:30,8,1:28
MMR002,Kayah,ကယားပြည်နယ်,MMR002003,Hpruso,ဖရူဆို,29651,4,1:7412,15,1:1976,5,1:5929
MMR002,Kayah,ကယားပြည်နယ်,MMR002004,Shadaw,ရှားတော,7076,3,1:2359,13,1:544,2,1:3538
MMR002,Kayah,ကယားပြည်နယ်,MMR002005,Bawlakhe,ဘောလခဲ,7508,5,1:15,13,1:556,2,1:3612
MMR002,Kayah,ကယားပြည်နယ်,MMR002006,Hpasawng,ဖားဆောင်း,22490,5,1:4498,15,1:1499,1,1:22490
MMR002,Kayah,ကယားပြည်နယ်,MMR002007,Mese,မယ်စဲ့,6835,4, 1:1708,14, 1:488,1, 1:6835
MMR003,Kayin,ကရင်ပြည်နယ်,MMR003001,Hpa-An,ဘားအံ,396707,13,1:37554,33,1:14794,15,1:32547
MMR003,Kayin,ကရင်ပြည်နယ်,MMR003002,Hlaingbwe,လှိုင်းဘွဲ့,276108,8,1:34514,61,1:4526,10,1:27611
MMR003,Kayin,ကရင်ပြည်နယ်,MMR003003,Hpapun,ဖာပွန်,115755,9,1:112862,62,1:1867,4,1:28938
MMR003,Kayin,ကရင်ပြည်နယ်,MMR003004,Thandaunggyi,သံတောင်ကြီး,88728,7,1:12675,27,1:3286,6,1:14788
MMR003,Kayin,ကရင်ပြည်နယ်,MMR003005,Myawaddy,မြဝတီ,132346,22,1:6016,67,1:1975,3,1:39260
MMR003,Kayin,ကရင်ပြည်နယ်,MMR003006,Kawkareik,ကော့ကရိတ်,239907,24,1:9996,62,1:3869,5,1:47981
MMR003,Kayin,ကရင်ပြည်နယ်,MMR003007,Kyainseikgyi,ကြာအင်းဆိပ်ကြီး,246065,9,1:27340,44,1:5592,9,1:27340
MMR004,Chin,ချင်းပြည်နယ်,MMR004001,Falam,ဖလမ်း,53170,20,1:2658,110,1:483,1,1:53170
MMR004,Chin,ချင်းပြည်နယ်,MMR004002,Hakha,ဟားခါး,45857,29,1:1677,124,1:392,2,1:15215
MMR004,Chin,ချင်းပြည်နယ်,MMR004003,Thantlang,ထန်တလန်,51857,4,1:12964,25,1:2074,8,1:6482
MMR004,Chin,ချင်းပြည်နယ်,MMR004004,Tedim,တီးတိန်,96624,11,1:878,99,1:976,11,1:878
MMR004,Chin,ချင်းပြည်နယ်,MMR004005,Tonzang,တွန်းဇံ,32650,3,1:108,22,1:148,4,1:816
MMR004,Chin,ချင်းပြည်နယ်,MMR004006,Mindat,မင်းတပ်,46249,14,1:3303,74,1:625,6,1:7708
MMR004,Chin,ချင်းပြည်နယ်,MMR004007,Matupi,မတူပီ,56287,4,1:14071,45,1:1250,4,1:14071
MMR004,Chin,ချင်းပြည်နယ်,MMR004008,Kanpetlet,ကန်ပက်လက်,23007,3,1:7669,23,1:1000,3,1:7669
MMR004,Chin,ချင်းပြည်နယ်,MMR004009,Paletwa,ပလက်ဝ,98583,5,1:19717,27,1:3651,5,1:19717
MMR005,Sagaing,စစ်ကိုင်းတိုင်းဒေသကြီး,MMR005001,Sagaing,စစ်ကိုင်း,282082,9,1:313,3,1:3099,8,1:35260
MMR005,Sagaing,စစ်ကိုင်းတိုင်းဒေသကြီး,MMR005002,Myinmu,မြင်းမူ,114794,8,1:14349,18,1:6377,3,1:38265
MMR005,Sagaing,စစ်ကိုင်းတိုင်းဒေသကြီး,MMR005003,Myaung,မြောင်,112466,9,1:11496,19,1:5919,6,1:18744
MMR005,Sagaing,စစ်ကိုင်းတိုင်းဒေသကြီး,MMR005004,Shwebo,ရွှေဘို,261875,75,1:35,102,1:26,10,1:26
MMR005,Sagaing,စစ်ကိုင်းတိုင်းဒေသကြီး,MMR005005,Khin-U,ခင်ဦး,151308,7,1:21615,13,1:11639,7,1:21615
MMR005,Sagaing,စစ်ကိုင်းတိုင်းဒေသကြီး,MMR005006,Wetlet,ဝက်လက်,209375,8,1:26171,19,1:11019,7,1:19910
MMR005,Sagaing,စစ်ကိုင်းတိုင်းဒေသကြီး,MMR005007,Kanbalu,ကန့်ဘလူ,294015,25,1:11760,38,1:7737,8,1:36751
MMR005,Sagaing,စစ်ကိုင်းတိုင်းဒေသကြီး,MMR005008,Kyunhla,ကျွန်းလှ,94713,10,1:9471,26,1:3642,6,1:15785
MMR005,Sagaing,စစ်ကိုင်းတိုင်းဒေသကြီး,MMR005009,Ye-U,ရေဦး,136418,35,1:3898,95,1:1496,6,1:22736
MMR005,Sagaing,စစ်ကိုင်းတိုင်းဒေသကြီး,MMR005010,Tabayin,ဒီပဲယင်း,177186,9,1:19687,15,1:11812,6,1:29531
MMR005,Sagaing,စစ်ကိုင်းတိုင်းဒေသကြီး,MMR005011,Taze,တန့်ဆည်,179778,12,1:14981,16,1:11236,8,1:22472
MMR005,Sagaing,စစ်ကိုင်းတိုင်းဒေသကြီး,MMR005012,Monywa,မုံရွာ,344672,10,1:34467,10,1:34467,14,1:2344
MMR005,Sagaing,စစ်ကိုင်းတိုင်းဒေသကြီး,MMR005013,Budalin,ဘုတလင်,141974,8,1:177,27,1:525,5,1:283
MMR005,Sagaing,စစ်ကိုင်းတိုင်းဒေသကြီး,MMR005014,Ayadaw,အရာတော်,160411,5,1:32082,20,1:8020,5,1:32082
MMR005,Sagaing,စစ်ကိုင်းတိုင်းဒေသကြီး,MMR005015,Chaung-U,ချောင်းဦး,106751,12,1:8895,14,1:8128,3,1:37933
MMR005,Sagaing,စစ်ကိုင်းတိုင်းဒေသကြီး,MMR005016,Yinmabin,ယင်းမာပင်,150123,6,1:25021,17,1:8831,4,1:37531
MMR005,Sagaing,စစ်ကိုင်းတိုင်းဒေသကြီး,MMR005017,Kani,ကနီ,143843,7,1:20549,19,1:7570,6,1:23973
MMR005,Sagaing,စစ်ကိုင်းတိုင်းဒေသကြီး,MMR005018,Salingyi,ဆားလင်းကြီး,13201,7,1:18585,20,1:6600,5,1:26402
MMR005,Sagaing,စစ်ကိုင်းတိုင်းဒေသကြီး,MMR005019,Pale,ပုလဲ,156269,5,1:32056,17,1:10017,6,1:22897
MMR005,Sagaing,စစ်ကိုင်းတိုင်းဒေသကြီး,MMR005020,Katha,ကသာ,160623,28,1:5736,38,1:4227,6,1:26771
MMR005,Sagaing,စစ်ကိုင်းတိုင်းဒေသကြီး,MMR005021,Indaw,အင်းတော်,125096,6,1:20849,8,1:15637,3,1:41698
MMR005,Sagaing,စစ်ကိုင်းတိုင်းဒေသကြီး,MMR005022,Tigyaing,ထီးချိုင့်,120370,11,1:10942,16,1:7523,5,1:24074
MMR005,Sagaing,စစ်ကိုင်းတိုင်းဒေသကြီး,MMR005023,Banmauk,ဗန်းမောက်,101055,7,1:14436,15,1:6737,4,1:25263
MMR005,Sagaing,စစ်ကိုင်းတိုင်းဒေသကြီး,MMR005024,Kawlin,ကောလင်း,151435,6,1:725240,12,1:12620,8,1:18930
MMR005,Sagaing,စစ်ကိုင်းတိုင်းဒေသကြီး,MMR005025,Wuntho,ဝန်းသို,73636,8,1:9205,10,1:6136,2,1:36818
MMR005,Sagaing,စစ်ကိုင်းတိုင်းဒေသကြီး,MMR005026,Pinlebu,ပင်လည်ဘူး,119352,9,1:13,12,1:99,4,2:29
MMR005,Sagaing,စစ်ကိုင်းတိုင်းဒေသကြီး,MMR005027,Kale,ကလေး,338079,81,1:4173,136,1:2485,8,1:42259
MMR005,Sagaing,စစ်ကိုင်းတိုင်းဒေသကြီး,MMR005028,Kalewa,ကလေးဝ,57096,4,1:14274,7,1:8156,6,1:9516
MMR005,Sagaing,စစ်ကိုင်းတိုင်းဒေသကြီး,MMR005029,Mingin,မင်းကင်း,106874,9,1:11874,18,1:5937,8,1:13359
MMR005,Sagaing,စစ်ကိုင်းတိုင်းဒေသကြီး,MMR005030,Tamu,တမူး,112197,28,1:4007,39,1:2876,5,1:22439
MMR005,Sagaing,စစ်ကိုင်းတိုင်းဒေသကြီး,MMR005031,Mawlaik,မော်လိုက်,51037,6,1:8516,6,1:8516,2,1:25518
MMR005,Sagaing,စစ်ကိုင်းတိုင်းဒေသကြီး,MMR005032,Paungbyin,ဖေါင်းပြင်,107891,7,1:15413,17,1:6347,4,1:26973
MMR005,Sagaing,စစ်ကိုင်းတိုင်းဒေသကြီး,MMR005033,Hkamti,ခန္တီး,35903,20,1:1795,26,1:1380,2,1:17951
MMR005,Sagaing,စစ်ကိုင်းတိုင်းဒေသကြီး,MMR005034,Homalin,ဟုမ္မလင်း,205792,24,1:8574,49,1:4199,12,1:17149
MMR005,Sagaing,စစ်ကိုင်းတိုင်းဒေသကြီး,MMR005035,Lay Shi,လေရှီး,18140,5,1:3628,12,1:1511,3,1:6046
MMR005,Sagaing,စစ်ကိုင်းတိုင်းဒေသကြီး,MMR005036,Lahe,လဟယ်,54713,3,1:18237,9,1:6079,4,1:13678
MMR005,Sagaing,စစ်ကိုင်းတိုင်းဒေသကြီး,MMR005037,Nanyun,နန်းယွန်း,54378,9,1:6042,8,1:6797,3,1:18126
MMR006,Tanintharyi,တနင်္သာရီတိုင်းဒေသကြီး,MMR006001,Dawei,ထားဝယ်,134138,9,1:14904,46,1:2916,7,1:19162
MMR006,Tanintharyi,တနင်္သာရီတိုင်းဒေသကြီး,MMR006002,Launglon,လောင်းလုံ,105987,6,1:17664,18,1:5888,6,1:17664
MMR006,Tanintharyi,တနင်္သာရီတိုင်းဒေသကြီး,MMR006003,Thayetchaung,သရက်ချောင်း,121637,5,1:24327,22,1:5528,3,1:40545
MMR006,Tanintharyi,တနင်္သာရီတိုင်းဒေသကြီး,MMR006004,Yebyu,ရေဖြူ,119458,4,1:29864,29,1:4119,4,1:29864
MMR006,Tanintharyi,တနင်္သာရီတိုင်းဒေသကြီး,MMR006005,Myeik,မြိတ်,255796,89,1:2874,40,1:6394,10,1:25579
MMR006,Tanintharyi,တနင်္သာရီတိုင်းဒေသကြီး,MMR006006,Kyunsu,ကျွန်းစု,175234,6,1:29205,26,1:6739,5,1:35047
MMR006,Tanintharyi,တနင်္သာရီတိုင်းဒေသကြီး,MMR006007,Palaw,ပုလော,1321726,10,1:132172,48,1:27356,5,1:264345
MMR006,Tanintharyi,တနင်္သာရီတိုင်းဒေသကြီး,MMR006008,Tanintharyi,တနင်္သာရီ,97869,5,1:19753,23,1:4294,5,1:19753
MMR006,Tanintharyi,တနင်္သာရီတိုင်းဒေသကြီး,MMR006009,Kawthoung,ကော့သောင်း,106910,25,1:4276,69,1:1549,8,1:13364
MMR006,Tanintharyi,တနင်္သာရီတိုင်းဒေသကြီး,MMR006010,Bokpyin,ဘုတ်ပြင်း,63081,4,1:15770,18,1:3505,3,1:21027
MMR111,Bago,ပဲခူးတိုင်းဒေသကြီး,MMR007001,Bago,ပဲခူး,434822,8,1:54352,12,1:36235,8,1:54352
MMR111,Bago,ပဲခူးတိုင်းဒေသကြီး,MMR007002,Thanatpin,သနပ်ပင်,164215,7,1:23459,21,1:7713,7,1:23459
MMR111,Bago,ပဲခူးတိုင်းဒေသကြီး,MMR007003,Kawa,ကဝ,222775,10,1:22556,28,1:8056,8,1:28196
MMR111,Bago,ပဲခူးတိုင်းဒေသကြီး,MMR007004,Waw,ဝေါ,199476,8,1:24762,24,1:8254,10,1:19810
MMR111,Bago,ပဲခူးတိုင်းဒေသကြီး,MMR007005,Nyaunglebin,ညောင်လေးပင်,279709,14,1:19979,42,1:6660,9,1:31079
MMR111,Bago,ပဲခူးတိုင်းဒေသကြီး,MMR007006,Kyauktaga,ကျောက်တံခါး,260447,18,1:14398,32,1:8098,10,1:2590
MMR111,Bago,ပဲခူးတိုင်းဒေသကြီး,MMR007007,Daik-U,ဒိုက်ဦး,201982,8,1:26709,17,1:12569,9,1:23322
MMR111,Bago,ပဲခူးတိုင်းဒေသကြီး,MMR007008,Shwegyin,ရွှေကျင်,94936,20,1:4707,43,1:2189,4,1:23535
MMR111,Bago,ပဲခူးတိုင်းဒေသကြီး,MMR007009,Taungoo,တောင်ငူ,241895,5,1:48521,175,1:1386,8,1:30725
MMR111,Bago,ပဲခူးတိုင်းဒေသကြီး,MMR007010,Yedashe,ရေတာရှည်,203839,6,1:33973,24,1:8493,8,1:25479
MMR111,Bago,ပဲခူးတိုင်းဒေသကြီး,MMR007011,Kyaukkyi,ကျောက်ကြီး,119202,5,1:23840,24,1:4967,5,1:23840
MMR111,Bago,ပဲခူးတိုင်းဒေသကြီး,MMR007012,Phyu,ဖြူး,256985,25,1:10279,66,1:3893,8,1:32123
MMR111,Bago,ပဲခူးတိုင်းဒေသကြီး,MMR007013,Oktwin,အုတ်တွင်း,170482,6,1:28413,14,1:12177,6,1:28413
MMR111,Bago,ပဲခူးတိုင်းဒေသကြီး,MMR007014,Htantabin,ထန်းတပင်,121472,8,1:15184,21,1:5784,6,1:20245
MMR111,Bago,ပဲခူးတိုင်းဒေသကြီး,MMR008001,Pyay,ပြည်,225600,116,1:1944,216,1:1044,6,1:37600
MMR111,Bago,ပဲခူးတိုင်းဒေသကြီး,MMR008002,Paukkhaung,ပေါက်ခေါင်း,123600,7,1:17621,19,1:6492,7,1:17621
MMR111,Bago,ပဲခူးတိုင်းဒေသကြီး,MMR008003,Padaung,ပန်းတောင်း,147123,6,1:24520,21,1:7005,4,1:36780
MMR111,Bago,ပဲခူးတိုင်းဒေသကြီး,MMR008004,Paungde,ပေါင်းတည်,141045,6,1:23508,21,1:6716,6,1:23508
MMR111,Bago,ပဲခူးတိုင်းဒေသကြီး,MMR008005,Thegon,သဲကုန်း,129971,8,1:16510,25,1:5743,4,1:26416
MMR111,Bago,ပဲခူးတိုင်းဒေသကြီး,MMR008006,Shwedaung,ရွှေတောင်,130245,5,1:25918,21,1:4330,8,1:13565
MMR111,Bago,ပဲခူးတိုင်းဒေသကြီး,MMR008007,Thayarwady,သာယာဝတီ,154606,27,1:5726,58,1:2665,10,1:15460
MMR111,Bago,ပဲခူးတိုင်းဒေသကြီး,MMR008008,Letpadan,လက်ပံတန်း,190900,8,1:23862,23,1:8300,8,1:23862
MMR111,Bago,ပဲခူးတိုင်းဒေသကြီး,MMR008009,Minhla,မင်းလှ,125324,5,1:25065,16,1:7833,7,1:16996
MMR111,Bago,ပဲခူးတိုင်းဒေသကြီး,MMR008010,Okpho,အုတ်ဖို,131265,7,1:18752,24,1:5469,8,1:16408
MMR111,Bago,ပဲခူးတိုင်းဒေသကြီး,MMR008011,Zigon,ဇီးကုန်း,71017,4,1:17750,16,1:4438,4,1:17750
MMR111,Bago,ပဲခူးတိုင်းဒေသကြီး,MMR008012,Nattalin,နတ္တလင်း,173542,7,1:24792,29,1:5984,7,1:24792
MMR111,Bago,ပဲခူးတိုင်းဒေသကြီး,MMR008013,Monyo,မိုးညို,136410,9,1:15157,27,1:5052,5,1:27282
MMR111,Bago,ပဲခူးတိုင်းဒေသကြီး,MMR008014,Gyobingauk,ကြို့ပင်ကောက်,121788,9,1:13532,22,1:5535,5,1:24357
MMR009,Magway,မကွေးတိုင်းဒေသကြီး,MMR009001,Magway,မကွေး,293489,73,1:4020,326,1:900,11,1:26680
MMR009,Magway,မကွေးတိုင်းဒေသကြီး,MMR009002,Yenangyaung,ရေနံချောင်း,155016,9,1:17224,24,1:6459,8,1:19377
MMR009,Magway,မကွေးတိုင်းဒေသကြီး,MMR009003,Chauk,ချောက်,212733,7,1:30390,24,1:8864,12,1:17728
MMR009,Magway,မကွေးတိုင်းဒေသကြီး,MMR009004,Taungdwingyi,တောင်တွင်းကြီး,266275,9,1:29586,26,1:10241,9,1:29586
MMR009,Magway,မကွေးတိုင်းဒေသကြီး,MMR009005,Myothit,မြို့သစ်,179544,12,1:14962,26,1:6905,8,1:22443
MMR009,Magway,မကွေးတိုင်းဒေသကြီး,MMR009006,Natmauk,နတ်မောက်,236885,5,1:47377,21,1:11280,8,1:29610
MMR009,Magway,မကွေးတိုင်းဒေသကြီး,MMR009007,Minbu,မင်းဘူး,180536,82,1:2202,289,1:625,12,1:15045
MMR009,Magway,မကွေးတိုင်းဒေသကြီး,MMR009008,Pwintbyu,ပွင့်ဖြူ,177392,8,1:22174,27,1:6570,8,1:22174
MMR009,Magway,မကွေးတိုင်းဒေသကြီး,MMR009009,Ngape,ငဖဲ,51806,6,1:8810,19,1:2782,4,1:13216
MMR009,Magway,မကွေးတိုင်းဒေသကြီး,MMR009010,Salin,စလင်း,250250,14,1:2264,38,1:6585,8,1:31281
MMR009,Magway,မကွေးတိုင်းဒေသကြီး,MMR009011,Sidoktaya,စေတုတ္တရာ,45297,5,1:9059,15,1:3019,3,1:13540
MMR009,Magway,မကွေးတိုင်းဒေသကြီး,MMR009012,Thayet,သရက်,104580,23,1:4546,38,1:2752,5,1:209
MMR009,Magway,မကွေးတိုင်းဒေသကြီး,MMR009013,Minhla,မင်းလှ,122903,6,1:20483,20,1:6145,8,1:15362
MMR009,Magway,မကွေးတိုင်းဒေသကြီး,MMR009014,Mindon,မင်းတုန်း,62118,5,1:12423,21,1:2958,10,1:6211
MMR009,Magway,မကွေးတိုင်းဒေသကြီး,MMR009015,Kamma,ကံမ,73473,6,1:12245,14,1:5248,4,1:18368
MMR009,Magway,မကွေးတိုင်းဒေသကြီး,MMR009016,Aunglan,အောင်လံ,235935,11,1:24029,32,1:7281,9,1:24029
MMR009,Magway,မကွေးတိုင်းဒေသကြီး,MMR009017,Sinbaungwe,ဆင်ပေါင်ဝဲ,117588,4,1:29397,unknown,unknown,99,1:1187
MMR009,Magway,မကွေးတိုင်းဒေသကြီး,MMR009018,Pakokku,ပခုက္ကူ,318751,103,1:7713,203,1:1562,11,1:27848
MMR009,Magway,မကွေးတိုင်းဒေသကြီး,MMR009019,Yesagyo,ရေစကြို,246608,24,1:10275,62,1:3978,13,1:18969
MMR009,Magway,မကွေးတိုင်းဒေသကြီး,MMR009020,Myaing,မြိုင်,271726,9,1:30191,36,1:7545,11,1:24702
MMR009,Magway,မကွေးတိုင်းဒေသကြီး,MMR009021,Pauk,ပေါက်,182785,7,1:26112,27,1:6770,9,1:20309
MMR009,Magway,မကွေးတိုင်းဒေသကြီး,MMR009022,Seikphyu,ဆိပ်ဖြူ,107834,6,1:17972,29,1:3718,4,1:26958
MMR009,Magway,မကွေးတိုင်းဒေသကြီး,MMR009023,Gangaw,ဂန့်ဂေါ,unknown,unknown,unknown,unknown,unknown,unknown,unknown
MMR009,Magway,မကွေးတိုင်းဒေသကြီး,MMR009024,Tilin,ထီးလင်း,50033,7,1:7148,32,1:1472,4,1:12508
MMR009,Magway,မကွေးတိုင်းဒေသကြီး,MMR009025,Saw,ဆော,69586,6,1:11598,26,1:2676,6,1:10815
MMR010,Mandalay,မန္တလေးတိုင်းဒေသကြီး,MMR010001,Aungmyaythazan,အောင်မြေသာဇံ,183966,11,1:16724,5,1:36793,1,1:183966
MMR010,Mandalay,မန္တလေးတိုင်းဒေသကြီး,MMR010002,Chanayethazan,ချမ်းအေးသာဇံ,148027,7,1:21146,5,1:29605,1,1:148027
MMR010,Mandalay,မန္တလေးတိုင်းဒေသကြီး,MMR010003,Mahaaungmyay,မဟာအောင်မြေ,unknown,unknown,unknown,unknown,unknown,unknown,unknown
MMR010,Mandalay,မန္တလေးတိုင်းဒေသကြီး,MMR010004,Chanmyathazi,ချမ်းမြသာစည်,215394,106,1:2032,9,1:3932,1,1:215394
MMR010,Mandalay,မန္တလေးတိုင်းဒေသကြီး,MMR010005,Pyigyitagon,ပြည်ကြီးတံခွန်,154822,6,1:25803,2,1:77411,0,0
MMR010,Mandalay,မန္တလေးတိုင်းဒေသကြီး,MMR010006,Amarapura,အမရပူရ,185305,9,1:22,19,1:1,5,1:41
MMR010,Mandalay,မန္တလေးတိုင်းဒေသကြီး,MMR010007,Patheingyi,ပုသိမ်ကြီး,212526,12,1:18252,14,1:156645,6,1:36505
MMR010,Mandalay,မန္တလေးတိုင်းဒေသကြီး,MMR010008,Pyinoolwin,ပြင်ဦးလွင်,179498,109,1:1644,168,1:1066,8,1:22402
MMR010,Mandalay,မန္တလေးတိုင်းဒေသကြီး,MMR010009,Madaya,မတ္တရာ,unknown,14,1:21653,24,1:11957,7,1:37565
MMR010,Mandalay,မန္တလေးတိုင်းဒေသကြီး,MMR010010,Singu,စဉ့်ကူး,143756,11,1:13068,18,1:7986,6,1:23659
MMR010,Mandalay,မန္တလေးတိုင်းဒေသကြီး,MMR010011,Mogoke,မိုးကုတ်,171564,27,1:6354,51,1:3364,4,1:42891
MMR010,Mandalay,မန္တလေးတိုင်းဒေသကြီး,MMR010012,Thabeikkyin,သပိတ်ကျဉ်း,125776,14,1:8984,19,1:6619,4,1:31444
MMR010,Mandalay,မန္တလေးတိုင်းဒေသကြီး,MMR010013,Kyaukse,ကျောက်ဆည်,258490,68,1:3801,111,1:2329,7,1:36927
MMR010,Mandalay,မန္တလေးတိုင်းဒေသကြီး,MMR010014,Sintgaing,စဉ့်ကိုင်,132858,10,1:32858,14,1:9500,3,1:44286
MMR010,Mandalay,မန္တလေးတိုင်းဒေသကြီး,MMR010015,Myittha,မြစ်သား,193203,14,1:14595,28,1:7297,5,1:40866
MMR010,Mandalay,မန္တလေးတိုင်းဒေသကြီး,MMR010016,Tada-U,တံတားဦး,140700,13,1:1082,26,1:5411,6,1:2345
MMR010,Mandalay,မန္တလေးတိုင်းဒေသကြီး,MMR010017,Myingyan,မြင်းခြံ,281489,38,1:7407,59,1:4770,9,1:31276
MMR010,Mandalay,မန္တလေးတိုင်းဒေသကြီး,MMR010018,Taungtha,တောင်သာ,245196,13,1:18861,25,1:9807,8,1:30649
MMR010,Mandalay,မန္တလေးတိုင်းဒေသကြီး,MMR010019,Natogyi,နွားထိုးကြီး,202284,9,1:22476,20,1:101142,8,1:25286
MMR010,Mandalay,မန္တလေးတိုင်းဒေသကြီး,MMR010020,Kyaukpadaung,ကျောက်ပန်းတောင်း,291561,9,1:32395,27,1:10798,9,1:32395
MMR010,Mandalay,မန္တလေးတိုင်းဒေသကြီး,MMR010021,Ngazun,ငါန်းဇွန်,140501,8,1:17563,18,1:7806,7,1:20072
MMR010,Mandalay,မန္တလေးတိုင်းဒေသကြီး,MMR010022,Nyaung-U,ညောင်ဦး,247958,54,1:4588,125,1:1982,13,1:19059
MMR010,Mandalay,မန္တလေးတိုင်းဒေသကြီး,MMR010023,Yamethin,ရမည်းသင်း,253940,37,1:7139,66,1:4002,7,1:37100
MMR010,Mandalay,မန္တလေးတိုင်းဒေသကြီး,MMR010024,Pyawbwe,ပျော်ဘွယ်,272838,13,1:20987,26,1:10494,7,1:1038976
MMR010,Mandalay,မန္တလေးတိုင်းဒေသကြီး,MMR010028,Meiktila,မိတ္ထီလာ,299943,94,1:3191,134,1:2238,14,1:21424
MMR010,Mandalay,မန္တလေးတိုင်းဒေသကြီး,MMR010029,Mahlaing,မလှိုင်,175373,12,1:14614,21,1:8351,6,1:29229
MMR010,Mandalay,မန္တလေးတိုင်းဒေသကြီး,MMR010030,Thazi,သာစည်,198449,12,1:16649,20,1:9989,5,1:39958
MMR010,Mandalay,မန္တလေးတိုင်းဒေသကြီး,MMR010031,Wundwin,ဝမ်းတွင်း,235575,12,1:19631,23,1:10242,6,1:39262
MMR011,Mon,မွန်ပြည်နယ်,MMR011001,Mawlamyine,မော်လမြိုင်,258003,38,1:6789,27,1:9556,6,1:43001
MMR011,Mon,မွန်ပြည်နယ်,MMR011002,Kyaikmaraw,ကျိုက္မရော,222091,5,1:38,13,1:18,7,1:33
MMR011,Mon,မွန်ပြည်နယ်,MMR011003,Chaungzon,ချောင်းဆုံ,unknown,9,1:17932,39,1:4138,8,1:20173
MMR011,Mon,မွန်ပြည်နယ်,MMR011004,Thanbyuzayat,သံဖြူဇရပ်,160538,16,1:10033,41,1:3915,6,1:26756
MMR011,Mon,မွန်ပြည်နယ်,MMR011005,Mudon,မုဒုံ,185012,21,1:8810,29,1:6379,9,1:2056
MMR011,Mon,မွန်ပြည်နယ်,MMR011006,Ye,ရေး,265142,1,1:265142,2,1:132571,7,1:37877
MMR011,Mon,မွန်ပြည်နယ်,MMR011007,Thaton,သထုံ,233867,18,1:12993,89,1:2628,5,1:46773
MMR011,Mon,မွန်ပြည်နယ်,MMR011008,Paung,ပေါင်,unknown,10,1:26543,34,5.4624999999999995,11,1:24130
MMR011,Mon,မွန်ပြည်နယ်,MMR011009,Kyaikto,ကျိုက်ထို,156091,8,1:22011,20,1:88046,20,1:17609
MMR011,Mon,မွန်ပြည်နယ်,MMR011010,Bilin,ဘီးလင်း,187465,10,1:20419,29,1:7041,10,1:20419
MMR012,Rakhine,ရခိုင်ပြည်နယ်,MMR012001,Sittwe,စစ်တွေ,229376,70,1:3277,208,1:1103,9,1:25486
MMR012,Rakhine,ရခိုင်ပြည်နယ်,MMR012002,Ponnagyun,ပုဏ္ဏားကျွန်း,137845,6,1:22974,42,1:3282,5,1:27569
MMR012,Rakhine,ရခိုင်ပြည်နယ်,MMR012003,Mrauk-U,မြောက်ဦး,232434,7,1:33150,40,1:660790,8,1:29007
MMR012,Rakhine,ရခိုင်ပြည်နယ်,MMR012004,Kyauktaw,ကျောက်တော်,217867,5,1:43274,14,1:15458,6,1:36061
MMR012,Rakhine,ရခိုင်ပြည်နယ်,MMR012005,Minbya,မင်းပြား,216234,7,1:30890,32,1:6757,7,1:30890
MMR012,Rakhine,ရခိုင်ပြည်နယ်,MMR012006,Myebon,မြေပုံ,143886,5,1:28777,19,1:7573,8,1:17985
MMR012,Rakhine,ရခိုင်ပြည်နယ်,MMR012007,Pauktaw,ပေါက်တော,187000,4,1:46750,12,1:15583,6,1:31166
MMR012,Rakhine,ရခိုင်ပြည်နယ်,MMR012008,Rathedaung,ရသေ့တောင်,136716,4,1:34179,15,1:9114,6,1:22786
MMR012,Rakhine,ရခိုင်ပြည်နယ်,MMR012009,Maungdaw,မောင်တော,528812,11,1:48074,31,1:17059,5,1:105762
MMR012,Rakhine,ရခိုင်ပြည်နယ်,MMR012010,Buthidaung,ဘူးသီးတောင်,308144,7,1:44020,26,1:11851,7,1:44020
MMR012,Rakhine,ရခိုင်ပြည်နယ်,MMR012011,Kyaukpyu,ကျောက်ဖြူ,167025,22,1:7592,51,1:3275,6,1:27837
MMR012,Rakhine,ရခိုင်ပြည်နယ်,MMR012012,Munaung,မာန်အောင်,60873,5,1:12174,35,1:1739,7,1:8696
MMR012,Rakhine,ရခိုင်ပြည်နယ်,MMR012013,Ramree,ရမ်းဗြဲ,98270,8,1:12284,28,1:3510,7,1:14040
MMR012,Rakhine,ရခိုင်ပြည်နယ်,MMR012014,Ann,အမ်း,115909,12,1:9659,36,1:3219,6,1:19318
MMR012,Rakhine,ရခိုင်ပြည်နယ်,MMR012015,Thandwe,သံတွဲ,116465,28,1:4143,49,1:2368,11,1:10546
MMR012,Rakhine,ရခိုင်ပြည်နယ်,MMR012016,Toungup,တောင်ကုတ်,149332,10,1:14880,66,1:2255,5,1:29760
MMR012,Rakhine,ရခိုင်ပြည်နယ်,MMR012017,Gwa,ဂွ,63921,5,1:12784,55,1:1162,5,1:12784
MMR013,Yangon,ရန်ကုန်ဒေသကြီး,MMR013001,Insein,အင်းစိန်,259771,6,1:43295,6,1:43295,2,1:129885
MMR013,Yangon,ရန်ကုန်ဒေသကြီး,MMR013002,Mingaladon,မင်္ဂလာဒုံ,255807,3,1:85269,2,1:1279035,3,1:85269
MMR013,Yangon,ရန်ကုန်ဒေသကြီး,MMR013003,Hmawbi,မှော်ဘီ,191020,7,1:27288,21,1:9096,5,1:38204
MMR013,Yangon,ရန်ကုန်ဒေသကြီး,MMR013004,Hlegu,လှည်းကူး,233392,15,1:1530,80,1:2870,12,1:2296
MMR013,Yangon,ရန်ကုန်ဒေသကြီး,MMR013005,Taikkyi,တိုက်ကြီး,267597,9,1:29733,15,1:17839,6,1:44599
MMR013,Yangon,ရန်ကုန်ဒေသကြီး,MMR013006,Htantabin,ထန်းတပင်,131366,5,1:2627,10,1:1314,4,1:32841
MMR013,Yangon,ရန်ကုန်ဒေသကြီး,MMR013007,Shwepyithar,ရွှေပြည်သာ,273721,4,1:68430,13,1:21055,2,1:136860
MMR013,Yangon,ရန်ကုန်ဒေသကြီး,MMR013008,Hlaingtharya,လှိုင်သာယာ,414209,11,1:37655,22,1:18827,1,1:414209
MMR013,Yangon,ရန်ကုန်ဒေသကြီး,MMR013009,Thingangyun,သင်္ဃန်းကျွန်း,202140,8,1:25267,3,1:67380,1,1:202140
MMR013,Yangon,ရန်ကုန်ဒေသကြီး,MMR013010,Yankin,ရန်ကင်း,66949,8,1:8369,4,1:16737,2,1:33475
MMR013,Yangon,ရန်ကုန်ဒေသကြီး,MMR013011,South Okkalapa,တောင်ဥက္ကလာပ,154068,26,1:5926,39,1:3950,3,1:51356
MMR013,Yangon,ရန်ကုန်ဒေသကြီး,MMR013012,North Okkalapa,မြောက်ဥက္ကလာပ,282530,25,1:56506,8,1:35316,2,1:141265
MMR013,Yangon,ရန်ကုန်ဒေသကြီး,MMR013013,Thaketa,သာကေတ,220599,9,1:24511,22,1:10027,0,0
MMR013,Yangon,ရန်ကုန်ဒေသကြီး,MMR013014,Dawbon,ဒေါပုံ,74979,2,1:37489,2,1:37489,2,1:37489
MMR013,Yangon,ရန်ကုန်ဒေသကြီး,MMR013015,Tamwe,တာမွေ,166782,2,1:82,11,1:15,1,1:165
MMR013,Yangon,ရန်ကုန်ဒေသကြီး,MMR013016,Pazundaung,ပုဇွန်တောင်,44779,5,1:8957,7,1:6398,3,1:14928
MMR013,Yangon,ရန်ကုန်ဒေသကြီး,MMR013017,Botahtaung,ဗိုလ်တထောင်,39907,1,1:39956,1,1:39956,3,1:13305
MMR013,Yangon,ရန်ကုန်ဒေသကြီး,MMR013018,Dagon Myothit (South),ဒဂုံမြို့သစ်တောင်ပိုင်း,320099,8,1:40012,16,1:20006,3,1:106699
MMR013,Yangon,ရန်ကုန်ဒေသကြီး,MMR013019,Dagon Myothit (North),ဒဂုံမြို့သစ်မြောက်ပိုင်း,195222,6,1:32533,14,1:13943,0,0
MMR013,Yangon,ရန်ကုန်ဒေသကြီး,MMR013020,Dagon Myothit (East),ဒဂုံမြို့သစ်အရှေ့ပိုင်း,156336,8,1:19542,22,1:7106,1,1:156336
MMR013,Yangon,ရန်ကုန်ဒေသကြီး,MMR013021,Dagon Myothit (Seikkan),ဒဂုံမြို့သစ်ဆိပ်ကမ်း,172379,2,1:86189,24,1:7183,2,1:86189
MMR013,Yangon,ရန်ကုန်ဒေသကြီး,MMR013022,Mingalartaungnyunt,မင်္ဂလာတောင်ညွန့်,131729,4,1:32932,4,1:32932,1,1:131729
MMR013,Yangon,ရန်ကုန်ဒေသကြီး,MMR013023,Thanlyin,သန်လျှင်,242107,58,1:4174,139,1:1741,5,1:48421
MMR013,Yangon,ရန်ကုန်ဒေသကြီး,MMR013024,Kyauktan,ကျောက်တန်း,165937,13,1:12764,23,1:7214,9,1:18649
MMR013,Yangon,ရန်ကုန်ဒေသကြီး,MMR013025,Thongwa,သုံးခွ,163165,7,1:23162,22,1:7370,5,1:32428
MMR013,Yangon,ရန်ကုန်ဒေသကြီး,MMR013026,Kayan,ခရမ်း,166395,14,1:12244,29,1:5910,7,1:24488
MMR013,Yangon,ရန်ကုန်ဒေသကြီး,MMR013027,Twantay,တွံတေး,227953,7,1:32564,18,1:12664,6,1:37992
MMR013,Yangon,ရန်ကုန်ဒေသကြီး,MMR013028,Kawhmu,ကော့မှုး,131732,7,1:18818,19,1:6933,5,1:26346
MMR013,Yangon,ရန်ကုန်ဒေသကြီး,MMR013029,Kungyangon,ကွမ်းခြံကုန်း,120948,9,1:1344,11,1:10995,5,1:24089
MMR013,Yangon,ရန်ကုန်ဒေသကြီး,MMR013030,Dala,ဒလ,153397,6,1:25760,18,1:8586,2,1:77281
MMR013,Yangon,ရန်ကုန်ဒေသကြီး,MMR013031,Seikgyikanaungto,ဆိပ်ကြီးခနောင်တို,33944,4,1:4849,6,1:5657,0,0
MMR013,Yangon,ရန်ကုန်ဒေသကြီး,MMR013032,Cocokyun,ကိုကိုးကျွန်း,1115,1,1:1115,2,1:557,0,0
MMR013,Yangon,ရန်ကုန်ဒေသကြီး,MMR013033,Kyauktada,ကျောက်တံတား,27815,4,1:6953,5,1:5563,1,1:27815
MMR013,Yangon,ရန်ကုန်ဒေသကြီး,MMR013034,Pabedan,ပန်းပဲတန်း,30386,3,1:10128,5,1:6077,1,1:30386
MMR013,Yangon,ရန်ကုန်ဒေသကြီး,MMR013035,Lanmadaw,လမ်းမတော်,37238,5,1:7443,2,1:8609,1,1:04223
MMR013,Yangon,ရန်ကုန်ဒေသကြီး,MMR013036,Latha,လသာ,27341,4,1:6835,2,1:13670,2,1:13670
MMR013,Yangon,ရန်ကုန်ဒေသကြီး,MMR013037,Ahlone,အလုံ,54843,2,1:27422,6,1:9141,2,1:27422
MMR013,Yangon,ရန်ကုန်ဒေသကြီး,MMR013038,Kyeemyindaing,ကြည့်မြင်တိုင်,101287,6,1:16881,13,1:7791,1,1:101287
MMR013,Yangon,ရန်ကုန်ဒေသကြီး,MMR013039,Sanchaung,စမ်းချောင်း,86081,6,1:43040,2,1:43040,2,1:43040
MMR013,Yangon,ရန်ကုန်ဒေသကြီး,MMR013040,Hlaing,လှိုင်,125060,2,1:62322,2,1:62322,2,1:124645
MMR013,Yangon,ရန်ကုန်ဒေသကြီး,MMR013041,Kamaryut,ကမာရွတ်,unknown,3,1:26209,3,1:26209,0,0
MMR013,Yangon,ရန်ကုန်ဒေသကြီး,MMR013042,Mayangone,မရမ်းကုန်း,189821,3,1:63274,7,1:27117,1,1:189821
MMR013,Yangon,ရန်ကုန်ဒေသကြီး,MMR013043,Dagon,ဒဂုံ,25211,4,4:25211,2,2:25211,1,1:25211
MMR013,Yangon,ရန်ကုန်ဒေသကြီး,MMR013044,Bahan,ဗဟန်း,unknown,unknown,unknown,unknown,unknown,unknown,unknown
MMR013,Yangon,ရန်ကုန်ဒေသကြီး,MMR013045,Seikkan,ဆိပ်ကမ်း,1546,1,1:1546,1,1:1546,0,0
MMR222,Shan,ရှမ်းပြည်နယ်,MMR014001,Taunggyi,တောင်ကြီး,385930,11,1:35084,21,1:18377,4,1:96482
MMR222,Shan,ရှမ်းပြည်နယ်,MMR014002,Nyaungshwe,ညောင်ရွှေ,172524,14,1:12323,46,1:3750,6,1:28754
MMR222,Shan,ရှမ်းပြည်နယ်,MMR014003,Hopong,ဟိုပုံး,103360,9,1:11484,20,1:5168,6,1:17227
MMR222,Shan,ရှမ်းပြည်နယ်,MMR014004,Hsihseng,ဆီဆိုင်,138925,6,1:23154,30,1:4630,6,1:23154
MMR222,Shan,ရှမ်းပြည်နယ်,MMR014005,Kalaw,ကလော,162094,19,1:8531,66,1:2456,5,1:32419
MMR222,Shan,ရှမ်းပြည်နယ်,MMR014006,Pindaya,ပင်းတယ,82257,10,1:8225,34,1:2419,2,1:41128
MMR222,Shan,ရှမ်းပြည်နယ်,MMR014007,Ywangan,ရွာငံ,unknown,4,1:20832,16,1:5208,6,1:13888
MMR222,Shan,ရှမ်းပြည်နယ်,MMR014008,Lawksawk,ရပ်စောက်,147015,12,1:12251,32,1:4594,3,1:49005
MMR222,Shan,ရှမ်းပြည်နယ်,MMR014009,Pinlaung,ပင်လောင်း,181513,8,1:22689,27,1:6722,5,1:36302
MMR222,Shan,ရှမ်းပြည်နယ်,MMR014010,Pekon,ဖယ်ခုံ,105117,7,1:15017,29,1:3625,6,1:17519
MMR222,Shan,ရှမ်းပြည်နယ်,MMR014011,Loilen,လွိုင်လင်,123635,32,1:3863,125,1:989,4,1:30908
MMR222,Shan,ရှမ်းပြည်နယ်,MMR014012,Laihka,လဲချား,49470,3,1:16490,15,1:3298,2,1:24735
MMR222,Shan,ရှမ်းပြည်နယ်,MMR014013,Nansang,နမ့်စန်,78832,2,1:39416,14,1:5630,6,1:1313
MMR222,Shan,ရှမ်းပြည်နယ်,MMR014014,Kunhing,ကွန်ဟိန်း,52250,4,1:13063,20,1:2613,4,1:11069
MMR222,Shan,ရှမ်းပြည်နယ်,MMR014015,Kyethi,ကျေးသီး,75968,3,3:75968,20,20:75968,3,3:75968
MMR222,Shan,ရှမ်းပြည်နယ်,MMR014016,Mongkaing,မိုင်းကိုင်,72751,2,1:3638,13,1:5596,3,1:24250
MMR222,Shan,ရှမ်းပြည်နယ်,MMR014017,Monghsu,မိုင်းရှုး,71591,3,1:23863,13,1:5507,3,1:23108
MMR222,Shan,ရှမ်းပြည်နယ်,MMR014018,Langkho,လင်းခေး,46740,5,1:9328,23,1:2032,3,1:15580
MMR222,Shan,ရှမ်းပြည်နယ်,MMR014019,Mongnai,မိုးနဲ,40796,5,1:34345,12,1:3400,2,1:20398
MMR222,Shan,ရှမ်းပြည်နယ်,MMR014020,Mawkmai,မောက်မယ်,35381,4,1:88,11,1:32,3,1:12
MMR222,Shan,ရှမ်းပြည်နယ်,MMR014021,Mongpan,မိုင်းပန်,16311,3,1:5437,8,1:2039,4,1:4078
MMR222,Shan,ရှမ်းပြည်နယ်,MMR015001,Lashio,လားရှိုး,287969,8,1:35996,18,1:15998,7,1:41138
MMR222,Shan,ရှမ်းပြည်နယ်,MMR015002,Hseni,သိန်းနီ,54065,5,1:10813,20,1:2703,3,1:18021
MMR222,Shan,ရှမ်းပြည်နယ်,MMR015003,Mongyai,မိုင်းရယ်,59457,2,1:29729,14,1:4247,3,1:19819
MMR222,Shan,ရှမ်းပြည်နယ်,MMR015004,Tangyan,တန့်ယန်း,170748,4,1:4268,25,1:6829,4,1:4268
MMR222,Shan,ရှမ်းပြည်နယ်,MMR015005,Pangsang,ပန်ဆန်း,unknown,unknown,unknown,unknown,unknown,unknown,unknown
MMR222,Shan,ရှမ်းပြည်နယ်,MMR015006,Narphan,နားဖန့်,unknown,unknown,unknown,unknown,unknown,unknown,unknown
MMR222,Shan,ရှမ်းပြည်နယ်,MMR015007,Pangwaun,ပန်ဝိုင်း,unknown,unknown,unknown,unknown,unknown,unknown,unknown
MMR222,Shan,ရှမ်းပြည်နယ်,MMR015008,Mongmao,မိုင်းမော,unknown,unknown,unknown,unknown,unknown,unknown,unknown
MMR222,Shan,ရှမ်းပြည်နယ်,MMR015009,Muse,မူဆယ်,154267,21,1:7346,82,1:1881,4,1:51422
MMR222,Shan,ရှမ်းပြည်နယ်,MMR015010,Namhkan,နမ့်ခမ်း,115213,12,1:9568,59,1:1946,3,1:38274
MMR222,Shan,ရှမ်းပြည်နယ်,MMR015011,Kutkai,ကွတ်ခိုင်,179747,9,1:29102,37,1:5402,9,1:21827
MMR222,Shan,ရှမ်းပြည်နယ်,MMR015012,Kyaukme,ကျောက်မဲ,178595,20,1:8847,51,1:3364,4,1:44236
MMR222,Shan,ရှမ်းပြည်နယ်,MMR015013,Nawnghkio,နောင်ချို,123173,8,1:17730,17,1:8330,8,1:17703
MMR222,Shan,ရှမ်းပြည်နယ်,MMR015014,Hsipaw,သီပေါ,177840,20,1:3670,62,1:1184,5,1:20889
MMR222,Shan,ရှမ်းပြည်နယ်,MMR015015,Namtu,နမ္မတူ,51613,4,1:12903,35,1:1475,3,1:7204
MMR222,Shan,ရှမ်းပြည်နယ်,MMR015016,Namhsan,နမ့်ဆန်,78832,2,1:39416,14,1:5630,6,1:1313
MMR222,Shan,ရှမ်းပြည်နယ်,MMR015017,Mongmit,မိုးမိတ်,63711,4,1:15927,22,1:2895,3,1:21237
MMR222,Shan,ရှမ်းပြည်နယ်,MMR015018,Mabein,မဘိမ်း,40241,3,1:13413,21,1:1916,5,1:8048
MMR222,Shan,ရှမ်းပြည်နယ်,MMR015019,Manton,မန်တုန်,34865,2,1:17432,10,1:3486,0,0
MMR222,Shan,ရှမ်းပြည်နယ်,MMR015020,Kunlong,ကွမ်းလုံ,57489,4,1:11490,18,1:3192,3,1:19151
MMR222,Shan,ရှမ်းပြည်နယ်,MMR015021,Hopang,ဟိုပန်,23426,1,1:23426,22,1:1064,1,1:23426
MMR222,Shan,ရှမ်းပြည်နယ်,MMR015022,Laukkaing,လောက်ကိုင်,55185,4,1:13796,23,1:2399,2,1:27592
MMR222,Shan,ရှမ်းပြည်နယ်,MMR015023,Konkyan,ကုန်းကြမ်း,42368,1,1:42203,9,1:4707,0,0
MMR222,Shan,ရှမ်းပြည်နယ်,MMR015024,Matman,မက်မန်း,17911,2,1:8955,20,1:895,0,0
MMR222,Shan,ရှမ်းပြည်နယ်,MMR016001,Kengtung,ကျိုင်းတုံ,169730,7,1:24247,38,1:4466,4,1:42432
MMR222,Shan,ရှမ်းပြည်နယ်,MMR016002,Mongkhet,မိုင်းခတ်,45330,2,1:22665,13,1:3487,2,1::22665
MMR222,Shan,ရှမ်းပြည်နယ်,MMR016003,Mongyang,မိုင်းယန်း,49537,3,1:16501,20,1:2476,2,1:24768
MMR222,Shan,ရှမ်းပြည်နယ်,MMR016005,Mongla,မိုင်းလား,unknown,unknown,unknown,unknown,unknown,unknown,unknown
MMR222,Shan,ရှမ်းပြည်နယ်,MMR016006,Monghsat,မိုင်းဆတ်,84368,5,1:16873,25,1:3568,4,1:22303
MMR222,Shan,ရှမ်းပြည်နယ်,MMR016007,Mongping,မိုင်းပျင်း,62312,2,1:31156,12,1:5192,0,0
MMR222,Shan,ရှမ်းပြည်နယ်,MMR016008,Mongton,မိုင်းတုံ,55142,2,1:27571,46,1:1199,3,1:18381
MMR222,Shan,ရှမ်းပြည်နယ်,MMR016009,Tachileik,တာချီလိတ်,140108,22,1:6365,94,1:1489,9,1:15560
MMR222,Shan,ရှမ်းပြည်နယ်,MMR016010,Monghpyak,မိုင်းဖြတ်,27504,1,1:27504,11,1:2500,2,1:13752
MMR222,Shan,ရှမ်းပြည်နယ်,MMR016011,Mongyawng,မိုင်းယောင်း,59457,2,1:29729,14,1:4247,3,1:19819
MMR017,Ayeyarwady,ဧရာဝတီတိုင်းဒေသကြီး,MMR017001,Pathein,ပုသိမ်,337405,11,1:30673,30,1:11246,8,1:42175
MMR017,Ayeyarwady,ဧရာဝတီတိုင်းဒေသကြီး,MMR017002,Kangyidaunt,ကန်ကြီးထောင့်,176856,7,1:25265,18,1:9825,7,1:25265
MMR017,Ayeyarwady,ဧရာဝတီတိုင်းဒေသကြီး,MMR017003,Thabaung,သာပေါင်း,158481,5,1:30756,12,1:12815,5,1:30756
MMR017,Ayeyarwady,ဧရာဝတီတိုင်းဒေသကြီး,MMR017004,Ngapudaw,ငပုတော,327272,10,1:327272,43,1:7611,14,1:23376
MMR017,Ayeyarwady,ဧရာဝတီတိုင်းဒေသကြီး,MMR017005,Kyonpyaw,ကျုံပျော်,252400,16,1:16037,46,1:7345,7,1:36657
MMR017,Ayeyarwady,ဧရာဝတီတိုင်းဒေသကြီး,MMR017006,Yegyi,ရေကြည်,197266,18,1:10959,48,1:4109,9,1:21918
MMR017,Ayeyarwady,ဧရာဝတီတိုင်းဒေသကြီး,MMR017007,Kyaunggon,ကျောင်းကုန်း,167101,8,1:20888,28,1:5968,9,1:18567
MMR017,Ayeyarwady,ဧရာဝတီတိုင်းဒေသကြီး,MMR017008,Hinthada,ဟင်္သာတ,344145,67,,194,1:5136,8,1:1774
MMR017,Ayeyarwady,ဧရာဝတီတိုင်းဒေသကြီး,MMR017009,Zalun,ဇလွန်,166888,9,1:18503,28,1:5947,7,1:23789
MMR017,Ayeyarwady,ဧရာဝတီတိုင်းဒေသကြီး,MMR017010,Lemyethna,လေးမျက်နှာ,108173,7,1:15453,16,1:6761,5,1:27043
MMR017,Ayeyarwady,ဧရာဝတီတိုင်းဒေသကြီး,MMR017011,Myanaung,မြန်အောင်,22403,10,1:22403,54,1:4148,10,1:22403
MMR017,Ayeyarwady,ဧရာဝတီတိုင်းဒေသကြီး,MMR017012,Kyangin,ကြံခင်း,97514,5,1:19502,25,1:3900,4,1:24378
MMR017,Ayeyarwady,ဧရာဝတီတိုင်းဒေသကြီး,MMR017013,Ingapu,အင်္ဂပူ,215327,8,1:216916,35,1:6152,7,1:30761
MMR017,Ayeyarwady,ဧရာဝတီတိုင်းဒေသကြီး,MMR017014,Myaungmya,မြောင်းမြ,298035,40,1:7450,79,1:3773,9,1:3512
MMR017,Ayeyarwady,ဧရာဝတီတိုင်းဒေသကြီး,MMR017015,Einme,အိမ္မဲ,205654,6,1:34623,23,1:9031,6,1:3462
MMR017,Ayeyarwady,ဧရာဝတီတိုင်းဒေသကြီး,MMR017016,Labutta,လပွတ္တာ,330478,22,1:15022,80,1:4031,14,1:23606
MMR017,Ayeyarwady,ဧရာဝတီတိုင်းဒေသကြီး,MMR017017,Wakema,ဝါးခယ်မ,302866,8,1:37858,27,1:11217,8,1:37858
MMR017,Ayeyarwady,ဧရာဝတီတိုင်းဒေသကြီး,MMR017018,Mawlamyinegyun,မော်လမြိုင်ကျွန်း,324813,21,1:14381,39,1:7743,15,1:20134
MMR017,Ayeyarwady,ဧရာဝတီတိုင်းဒေသကြီး,MMR017019,Maubin,မအူပင်,319450,50,1:6389,109,1:2930,14,1:22532
MMR017,Ayeyarwady,ဧရာဝတီတိုင်းဒေသကြီး,MMR017020,Pantanaw,ပန်းတနော်,268328,10,1:26967,30,1:8989,10,1:26967
MMR017,Ayeyarwady,ဧရာဝတီတိုင်းဒေသကြီး,MMR017021,Nyaungdon,ညောင်တုန်း,198110,10,1:19811,26,1:7620,8,1:24763
MMR017,Ayeyarwady,ဧရာဝတီတိုင်းဒေသကြီး,MMR017022,Danubyu,ဓနုဖြူ,189843,6,1:31640,29,1:6546,7,1:27120
MMR017,Ayeyarwady,ဧရာဝတီတိုင်းဒေသကြီး,MMR017023,Pyapon,ဖျာပုံ,301629,76,1:3969,84,1:3591,11,1:2743
MMR017,Ayeyarwady,ဧရာဝတီတိုင်းဒေသကြီး,MMR017024,Bogale,ဘိုကလေး,348860,19,1:18361,43,1:8113,10,1:34886
MMR017,Ayeyarwady,ဧရာဝတီတိုင်းဒေသကြီး,MMR017025,Kyaiklat,ကျိုက်လတ်,193726,6,1:32187,20,1:9656,4,1:48281
MMR017,Ayeyarwady,ဧရာဝတီတိုင်းဒေသကြီး,MMR017026,Dedaye,ဒေးဒရဲ,228485,7,1:29427,20,1:10299,11,1:18726
MMR018,Naypyitaw  Council,နေပြည်တော်,MMR018001,Zay Yar Thi Ri,ဇေယျာသီရိ,100265,9,1:11140,35,1:2864,3,1:33421
MMR018,Naypyitaw  Council,နေပြည်တော်,MMR018002,Za Bu Thi Ri,ဇမ္ဗူသီရိ,97681,8,1:12210,16,1:6150,3,1:32560
MMR018,Naypyitaw  Council,နေပြည်တော်,MMR018003,Tatkon,တပ်ကုန်း,115440,18,1:12357,42,1:5296,4,1:55608
MMR018,Naypyitaw  Council,နေပြည်တော်,MMR018004,Det Khi Na Thi Ri,ဒက္ခိဏသီရိ,29945,3,1:9981,10,1:2994,1,1:29945
MMR018,Naypyitaw  Council,နေပြည်တော်,MMR018005,Poke Ba Thi Ri,ပုဗ္ဗသီရိ,99887,20,1:5035,50,1:2014,4,1:25174
MMR018,Naypyitaw  Council,နေပြည်တော်,MMR018006,Pyinmana,ပျဉ်းမနား,183604,70,1:2623,108,1:1836,8,1:22951
MMR018,Naypyitaw  Council,နေပြည်တော်,MMR018007,Lewe,လယ်ဝေး,287879,22,1:13407,42,1:7023,10,1:29497
MMR018,Naypyitaw  Council,နေပြည်တော်,MMR018008,Oke Ta Ra Thi Ri,ဥတ္တရသီရိ,59656,5,1:13,14,1:46,2,1:33
