SR_PCODE,SR_NAME,SR_MM_NAME,TS_PCODE,TS_NAME,TS_MM_NAME,PAGODANB,STUPPANB,STATUENB,MONASTERYNB,NUMBUILDNB,DHAMAHALLNB,MONKNB,YGMONKNB,NUNNB
MMR001,Kachin,ကချင်ပြည်နယ်,MMR001001,Myitkyina,မြစ်ကြီးနား,31,31,31,147,1,0,754,515,79
MMR001,Kachin,ကချင်ပြည်နယ်,MMR001002,Waingmaw,ဝိုင်းမော်,0,40,0,47,4,26,115,29,36
MMR001,Kachin,ကချင်ပြည်နယ်,MMR001003,Injangyang,အင်ဂျန်းယန်,0,2,0,2,0,0,4,0,0
MMR001,Kachin,ကချင်ပြည်နယ်,MMR001004,Tanai,တနိုင်း,0,20,0,23,1,0,121,89,5
MMR001,Kachin,ကချင်ပြည်နယ်,MMR001005,Chipwi,ချီဗွေ,2,4,0,2,0,0,4,1,5
MMR001,Kachin,ကချင်ပြည်နယ်,MMR001006,Tsawlaw,ဆော့လော်,1,1,0,1,0,0,1,0,0
MMR001,Kachin,ကချင်ပြည်နယ်,MMR001007,Mohnyin,မိုးညှင်း,63,63,177,177,33,50,1059,641,211
MMR001,Kachin,ကချင်ပြည်နယ်,MMR001008,Mogaung,မိုးကောင်း,7,52,0,86,12,25,515,378,169
MMR001,Kachin,ကချင်ပြည်နယ်,MMR001009,Hpakant,ဖားကန့်,91,0,0,67,4,45,579,438,141
MMR001,Kachin,ကချင်ပြည်နယ်,MMR001010,Bhamo,ဗန်းမော်,3,45,0,128,9,3,662,339,447
MMR001,Kachin,ကချင်ပြည်နယ်,MMR001011,Shwegu,ရွှေကူ,75,7830,93,19,11,98,554,351,48
MMR001,Kachin,ကချင်ပြည်နယ်,MMR001012,Momauk,မိုးမောက်,0,20,0,88,2,10,170,117,17
MMR001,Kachin,ကချင်ပြည်နယ်,MMR001013,Mansi,မန်စီ,16,30,0,58,3,58,119,52,8
MMR001,Kachin,ကချင်ပြည်နယ်,MMR001014,Puta-O,ပူတာအို,22,22,0,22,2,1,44,3,9
MMR001,Kachin,ကချင်ပြည်နယ်,MMR001015,Sumprabum,ဆွမ်ပရာဘွမ်,0,1,0,1,0,0,1,0,0
MMR001,Kachin,ကချင်ပြည်နယ်,MMR001016,Machanbaw,မချမ်းဘော,13,1,0,4,0,0,5,0,5
MMR001,Kachin,ကချင်ပြည်နယ်,MMR001017,Nawngmun,နောင်မွန်း,0,1,0,1,0,0,1,0,0
MMR001,Kachin,ကချင်ပြည်နယ်,MMR001018,Khaunglanhpu,ခေါင်လန်ဖူး,1,0,0,1,0,0,1,0,1
MMR002,Kayah,ကယားပြည်နယ်,MMR002001,Loikaw,လွိုင်ကော်,2,72,0,104,3,16,553,1306,283
MMR002,Kayah,ကယားပြည်နယ်,MMR002002,Demoso,ဒီမောဆို,0,57,0,39,0,10,80,38,1
MMR002,Kayah,ကယားပြည်နယ်,MMR002003,Hpruso,ဖရူဆို,0,7,0,6,0,0,7,0,0
MMR002,Kayah,ကယားပြည်နယ်,MMR002004,Shadaw,ရှားတော,0,6,0,11,0,1,17,2,0
MMR002,Kayah,ကယားပြည်နယ်,MMR002005,Bawlakhe,ဘောလခဲ,0,14,0,23,0,0,40,18,0
MMR002,Kayah,ကယားပြည်နယ်,MMR002006,Hpasawng,ဖားဆောင်း,0,14,0,10,0,1,18,28,0
MMR002,Kayah,ကယားပြည်နယ်,MMR002007,Mese,မယ်စဲ့,0,15,0,10,0,9,32,6,2
MMR003,Kayin,ကရင်ပြည်နယ်,MMR003001,Hpa-An,ဘားအံ,19,182,0,529,20,64,2879,2121,7114
MMR003,Kayin,ကရင်ပြည်နယ်,MMR003002,Hlaingbwe,လှိုင်းဘွဲ့,0,203,182,319,0,0,1359,1235,94
MMR003,Kayin,ကရင်ပြည်နယ်,MMR003003,Hpapun,ဖာပွန်,0,125,0,81,1,8,305,174,7
MMR003,Kayin,ကရင်ပြည်နယ်,MMR003004,Thandaunggyi,သံတောင်ကြီး,3,41,0,29,0,0,87,21,0
MMR003,Kayin,ကရင်ပြည်နယ်,MMR003005,Myawaddy,မြဝတီ,4,77,0,310,4,29,1757,760,63
MMR003,Kayin,ကရင်ပြည်နယ်,MMR003006,Kawkareik,ကော့ကရိတ်,2,66,0,246,1,10,1407,847,268
MMR003,Kayin,ကရင်ပြည်နယ်,MMR003007,Kyainseikgyi,ကြာအင်းဆိပ်ကြီး,1,27,0,326,2,7,1245,907,169
MMR004,Chin,ချင်းပြည်နယ်,MMR004001,Falam,ဖလမ်း,4,13,0,11,1,1,22,22,13
MMR004,Chin,ချင်းပြည်နယ်,MMR004002,Hakha,ဟားခါး,2,6,0,9,1,0,25,7,28
MMR004,Chin,ချင်းပြည်နယ်,MMR004003,Thantlang,ထန်တလန်,0,4,0,2,0,1,2,0,0
MMR004,Chin,ချင်းပြည်နယ်,MMR004004,Tedim,တီးတိန်,0,4,0,6,0,1,11,3,0
MMR004,Chin,ချင်းပြည်နယ်,MMR004005,Tonzang,တွန်းဇံ,3,4,0,4,0,0,5,0,0
MMR004,Chin,ချင်းပြည်နယ်,MMR004006,Mindat,မင်းတပ်,20,33,0,58,1,1,58,77,5
MMR004,Chin,ချင်းပြည်နယ်,MMR004007,Matupi,မတူပီ,1,7,0,14,0,0,14,14,1
MMR004,Chin,ချင်းပြည်နယ်,MMR004008,Kanpetlet,ကန်ပက်လက်,20,34,0,38,1,0,79,30,4
MMR004,Chin,ချင်းပြည်နယ်,MMR004009,Paletwa,ပလက်ဝ,15,15,0,83,0,20,91,13,1
MMR005,Sagaing,စစ်ကိုင်းတိုင်းဒေသကြီး,MMR005001,Sagaing,စစ်ကိုင်း,719,881,4,1201,377,298,5758,6287,6723
MMR005,Sagaing,စစ်ကိုင်းတိုင်းဒေသကြီး,MMR005002,Myinmu,မြင်းမူ,582,583,0,225,8,154,879,526,68
MMR005,Sagaing,စစ်ကိုင်းတိုင်းဒေသကြီး,MMR005003,Myaung,မြောင်,217,532,0,222,0,72,677,495,11
MMR005,Sagaing,စစ်ကိုင်းတိုင်းဒေသကြီး,MMR005004,Shwebo,ရွှေဘို,1109,680,0,337,19,55,1819,1246,329
MMR005,Sagaing,စစ်ကိုင်းတိုင်းဒေသကြီး,MMR005005,Khin-U,ခင်ဦး,1617,539,0,207,5,207,632,807,33
MMR005,Sagaing,စစ်ကိုင်းတိုင်းဒေသကြီး,MMR005006,Wetlet,ဝက်လက်,372,22,0,357,0,6,1115,740,1
MMR005,Sagaing,စစ်ကိုင်းတိုင်းဒေသကြီး,MMR005007,Kanbalu,ကန့်ဘလူ,1700,319,0,329,11,310,1107,986,63
MMR005,Sagaing,စစ်ကိုင်းတိုင်းဒေသကြီး,MMR005008,Kyunhla,ကျွန်းလှ,17,130,0,129,10,23,294,203,39
MMR005,Sagaing,စစ်ကိုင်းတိုင်းဒေသကြီး,MMR005009,Ye-U,ရေဦး,448,330,36,198,9,198,549,551,89
MMR005,Sagaing,စစ်ကိုင်းတိုင်းဒေသကြီး,MMR005010,Tabayin,ဒီပဲယင်း,0,650,0,230,0,32,507,586,Unknown
MMR005,Sagaing,စစ်ကိုင်းတိုင်းဒေသကြီး,MMR005011,Taze,တန့်ဆည်,2905,634,0,274,0,73,546,440,34
MMR005,Sagaing,စစ်ကိုင်းတိုင်းဒေသကြီး,MMR005012,Monywa,မုံရွာ,1603,995,0,503,42,318,3754,4576,1051
MMR005,Sagaing,စစ်ကိုင်းတိုင်းဒေသကြီး,MMR005013,Budalin,ဘုတလင်,1195,1229,26,287,4,193,698,538,58
MMR005,Sagaing,စစ်ကိုင်းတိုင်းဒေသကြီး,MMR005014,Ayadaw,အရာတော်,782,886,0,315,0,198,890,447,18
MMR005,Sagaing,စစ်ကိုင်းတိုင်းဒေသကြီး,MMR005015,Chaung-U,ချောင်းဦး,544,634,275,181,3,113,665,678,29
MMR005,Sagaing,စစ်ကိုင်းတိုင်းဒေသကြီး,MMR005016,Yinmabin,ယင်းမာပင်,452327,789,1,230,14,132,708,644,121
MMR005,Sagaing,စစ်ကိုင်းတိုင်းဒေသကြီး,MMR005017,Kani,ကနီ,267,301,3,200,0,126,441,232,17
MMR005,Sagaing,စစ်ကိုင်းတိုင်းဒေသကြီး,MMR005018,Salingyi,ဆားလင်းကြီး,10200,750,0,250,5,135,610,479,30
MMR005,Sagaing,စစ်ကိုင်းတိုင်းဒေသကြီး,MMR005019,Pale,ပုလဲ,763,371,0,261,4,14,565,331,15
MMR005,Sagaing,စစ်ကိုင်းတိုင်းဒေသကြီး,MMR005020,Katha,ကသာ,3,106,0,156,16,85,887,482,215
MMR005,Sagaing,စစ်ကိုင်းတိုင်းဒေသကြီး,MMR005021,Indaw,အင်းတော်,369,158,0,153,24,123,459,163,115
MMR005,Sagaing,စစ်ကိုင်းတိုင်းဒေသကြီး,MMR005022,Tigyaing,ထီးချိုင့်,9,160,0,138,20,56,643,550,55
MMR005,Sagaing,စစ်ကိုင်းတိုင်းဒေသကြီး,MMR005023,Banmauk,ဗန်းမောက်,25,97,1,188,23,3,361,205,34
MMR005,Sagaing,စစ်ကိုင်းတိုင်းဒေသကြီး,MMR005024,Kawlin,ကောလင်း,796,109,0,207,18,243,648,379,74
MMR005,Sagaing,စစ်ကိုင်းတိုင်းဒေသကြီး,MMR005025,Wuntho,ဝန်းသို,58,200,8,180,1,127,268,463,106
MMR005,Sagaing,စစ်ကိုင်းတိုင်းဒေသကြီး,MMR005026,Pinlebu,ပင်လည်ဘူး,0,109,0,262,18,0,445,208,34
MMR005,Sagaing,စစ်ကိုင်းတိုင်းဒေသကြီး,MMR005027,Kale,ကလေး,211,183,0,109,6,107,815,644,94
MMR005,Sagaing,စစ်ကိုင်းတိုင်းဒေသကြီး,MMR005028,Kalewa,ကလေးဝ,80,120,0,116,4,22,247,114,24
MMR005,Sagaing,စစ်ကိုင်းတိုင်းဒေသကြီး,MMR005029,Mingin,မင်းကင်း,5,268,0,185,7,24,317,56,19
MMR005,Sagaing,စစ်ကိုင်းတိုင်းဒေသကြီး,MMR005030,Tamu,တမူး,0,80,0,70,2,42,586,175,48
MMR005,Sagaing,စစ်ကိုင်းတိုင်းဒေသကြီး,MMR005031,Mawlaik,မော်လိုက်,266,132,0,7,5,50,164,33,18
MMR005,Sagaing,စစ်ကိုင်းတိုင်းဒေသကြီး,MMR005032,Paungbyin,ဖေါင်းပြင်,580,210,0,167,10,2,370,189,33
MMR005,Sagaing,စစ်ကိုင်းတိုင်းဒေသကြီး,MMR005033,Hkamti,ခန္တီး,22,42,0,55,2,16,141,136,35
MMR005,Sagaing,စစ်ကိုင်းတိုင်းဒေသကြီး,MMR005034,Homalin,ဟုမ္မလင်း,3,231,0,302,39,75,700,336,188
MMR005,Sagaing,စစ်ကိုင်းတိုင်းဒေသကြီး,MMR005035,Lay Shi,လေရှီး,12,12,0,21,2,1,19,1,2
MMR005,Sagaing,စစ်ကိုင်းတိုင်းဒေသကြီး,MMR005036,Lahe,လဟယ်,2,11,0,34,1,3,33,18,28
MMR005,Sagaing,စစ်ကိုင်းတိုင်းဒေသကြီး,MMR005037,Nanyun,နန်းယွန်း,0,4,0,10,0,1,12,3,0
MMR006,Tanintharyi,တနင်္သာရီတိုင်းဒေသကြီး,MMR006001,Dawei,ထားဝယ်,183,193,0,197,53,5,829,436,400
MMR006,Tanintharyi,တနင်္သာရီတိုင်းဒေသကြီး,MMR006002,Launglon,လောင်းလုံ,0,272,0,153,11,5,674,383,40
MMR006,Tanintharyi,တနင်္သာရီတိုင်းဒေသကြီး,MMR006003,Thayetchaung,သရက်ချောင်း,325,213,0,124,3,106,525,171,22
MMR006,Tanintharyi,တနင်္သာရီတိုင်းဒေသကြီး,MMR006004,Yebyu,ရေဖြူ,5,48,0,135,2,2,572,181,20
MMR006,Tanintharyi,တနင်္သာရီတိုင်းဒေသကြီး,MMR006005,Myeik,မြိတ်,122,86,0,308,74,30,1360,862,395
MMR006,Tanintharyi,တနင်္သာရီတိုင်းဒေသကြီး,MMR006006,Kyunsu,ကျွန်းစု,1,46,0,154,3,0,478,105,8
MMR006,Tanintharyi,တနင်္သာရီတိုင်းဒေသကြီး,MMR006007,Palaw,ပုလော,115,25,0,117,3,19,511,120,43
MMR006,Tanintharyi,တနင်္သာရီတိုင်းဒေသကြီး,MMR006008,Tanintharyi,တနင်္သာရီ,2,121,1,110,0,100,290,76,8
MMR006,Tanintharyi,တနင်္သာရီတိုင်းဒေသကြီး,MMR006009,Kawthoung,ကော့သောင်း,16,41,0,129,4,16,744,352,63
MMR006,Tanintharyi,တနင်္သာရီတိုင်းဒေသကြီး,MMR006010,Bokpyin,ဘုတ်ပြင်း,5,43,0,101,0,52,252,141,3
MMR111,Bago,ပဲခူးတိုင်းဒေသကြီး,MMR007001,Bago,ပဲခူး,10,68,0,689,92,20,6433,4446,1799
MMR111,Bago,ပဲခူးတိုင်းဒေသကြီး,MMR007002,Thanatpin,သနပ်ပင်,7,0,0,159,2,1,930,472,7
MMR111,Bago,ပဲခူးတိုင်းဒေသကြီး,MMR007003,Kawa,ကဝ,5,32,0,220,0,4,1074,194,5
MMR111,Bago,ပဲခူးတိုင်းဒေသကြီး,MMR007004,Waw,ဝေါ,5,5,5,165,0,6,899,561,4
MMR111,Bago,ပဲခူးတိုင်းဒေသကြီး,MMR007005,Nyaunglebin,ညောင်လေးပင်,133,312,0,272,5,267,1904,1154,211
MMR111,Bago,ပဲခူးတိုင်းဒေသကြီး,MMR007006,Kyauktaga,ကျောက်တံခါး,0,5,0,236,0,0,1122,478,0
MMR111,Bago,ပဲခူးတိုင်းဒေသကြီး,MMR007007,Daik-U,ဒိုက်ဦး,50,164,164,259,3,30,1595,800,52
MMR111,Bago,ပဲခူးတိုင်းဒေသကြီး,MMR007008,Shwegyin,ရွှေကျင်,4,72,0,182,22,2,844,389,67
MMR111,Bago,ပဲခူးတိုင်းဒေသကြီး,MMR007009,Taungoo,တောင်ငူ,0,75,0,319,26,23,2163,855,243
MMR111,Bago,ပဲခူးတိုင်းဒေသကြီး,MMR007010,Yedashe,ရေတာရှည်,0,11,0,316,16,18,1218,658,132
MMR111,Bago,ပဲခူးတိုင်းဒေသကြီး,MMR007011,Kyaukkyi,ကျောက်ကြီး,0,117,0,125,0,0,492,157,0
MMR111,Bago,ပဲခူးတိုင်းဒေသကြီး,MMR007012,Phyu,ဖြူး,25,251,0,261,1,90,1359,539,43
MMR111,Bago,ပဲခူးတိုင်းဒေသကြီး,MMR007013,Oktwin,အုတ်တွင်း,8,95,0,207,8,129,914,339,59
MMR111,Bago,ပဲခူးတိုင်းဒေသကြီး,MMR007014,Htantabin,ထန်းတပင်,54,64,0,111,0,0,713,245,20
MMR111,Bago,ပဲခူးတိုင်းဒေသကြီး,MMR008001,Pyay,ပြည်,64,100,26,650,145,550,2765,1150,1178
MMR111,Bago,ပဲခူးတိုင်းဒေသကြီး,MMR008002,Paukkhaung,ပေါက်ခေါင်း,0,34,0,220,2,1,419,120,14
MMR111,Bago,ပဲခူးတိုင်းဒေသကြီး,MMR008003,Padaung,ပန်းတောင်း,62,0,0,308,28,0,616,234,160
MMR111,Bago,ပဲခူးတိုင်းဒေသကြီး,MMR008004,Paungde,ပေါင်းတည်,45,55,23,227,1,82,524,214,17
MMR111,Bago,ပဲခူးတိုင်းဒေသကြီး,MMR008005,Thegon,သဲကုန်း,7,76,0,247,0,202,557,319,87
MMR111,Bago,ပဲခူးတိုင်းဒေသကြီး,MMR008006,Shwedaung,ရွှေတောင်,33,142,0,282,2,26,740,206,173
MMR111,Bago,ပဲခူးတိုင်းဒေသကြီး,MMR008007,Thayarwady,သာယာဝတီ,31,31,0,206,2,16,832,274,92
MMR111,Bago,ပဲခူးတိုင်းဒေသကြီး,MMR008008,Letpadan,လက်ပံတန်း,8,15,0,277,7,171,815,183,38
MMR111,Bago,ပဲခူးတိုင်းဒေသကြီး,MMR008009,Minhla,မင်းလှ,5,47,0,167,16,1,549,332,129
MMR111,Bago,ပဲခူးတိုင်းဒေသကြီး,MMR008010,Okpho,အုတ်ဖို,32,64,0,218,15,5,564,225,126
MMR111,Bago,ပဲခူးတိုင်းဒေသကြီး,MMR008011,Zigon,ဇီးကုန်း,127,80,0,126,1,86,288,92,25
MMR111,Bago,ပဲခူးတိုင်းဒေသကြီး,MMR008012,Nattalin,နတ္တလင်း,120,291,0,266,8,237,655,253,171
MMR111,Bago,ပဲခူးတိုင်းဒေသကြီး,MMR008013,Monyo,မိုးညို,0,123,0,177,0,12,425,228,0
MMR111,Bago,ပဲခူးတိုင်းဒေသကြီး,MMR008014,Gyobingauk,ကြို့ပင်ကောက်,32,136,0,216,5,25,581,181,193
MMR009,Magway,မကွေးတိုင်းဒေသကြီး,MMR009001,Magway,မကွေး,112,130,0,426,16,162,1991,1859,436
MMR009,Magway,မကွေးတိုင်းဒေသကြီး,MMR009002,Yenangyaung,ရေနံချောင်း,120,121,30,274,14,82,751,562,124
MMR009,Magway,မကွေးတိုင်းဒေသကြီး,MMR009003,Chauk,ချောက်,200,111,0,341,22,16,933,514,152
MMR009,Magway,မကွေးတိုင်းဒေသကြီး,MMR009004,Taungdwingyi,တောင်တွင်းကြီး,300,0,0,353,12,0,977,1023,94
MMR009,Magway,မကွေးတိုင်းဒေသကြီး,MMR009005,Myothit,မြို့သစ်,87,568,0,241,0,20,521,757,0
MMR009,Magway,မကွေးတိုင်းဒေသကြီး,MMR009006,Natmauk,နတ်မောက်,500,85,0,313,0,187,840,1409,24
MMR009,Magway,မကွေးတိုင်းဒေသကြီး,MMR009007,Minbu,မင်းဘူး,56,154,0,300,18,142,826,498,192
MMR009,Magway,မကွေးတိုင်းဒေသကြီး,MMR009008,Pwintbyu,ပွင့်ဖြူ,1904,315,55,315,18,164,656,418,88
MMR009,Magway,မကွေးတိုင်းဒေသကြီး,MMR009009,Ngape,ငဖဲ,0,61,0,72,3,0,193,153,54
MMR009,Magway,မကွေးတိုင်းဒေသကြီး,MMR009010,Salin,စလင်း,13,872,0,499,18,12,1058,1228,128
MMR009,Magway,မကွေးတိုင်းဒေသကြီး,MMR009011,Sidoktaya,စေတုတ္တရာ,6,257,0,116,12,1,227,42,46
MMR009,Magway,မကွေးတိုင်းဒေသကြီး,MMR009012,Thayet,သရက်,100,30,0,183,0,Unknown,228,427,655
MMR009,Magway,မကွေးတိုင်းဒေသကြီး,MMR009013,Minhla,မင်းလှ,0,120,0,179,6,10,408,166,34
MMR009,Magway,မကွေးတိုင်းဒေသကြီး,MMR009014,Mindon,မင်းတုန်း,172,160,0,140,1,132,263,64,20
MMR009,Magway,မကွေးတိုင်းဒေသကြီး,MMR009015,Kamma,ကံမ,33,258,0,14,0,0,272,167,439
MMR009,Magway,မကွေးတိုင်းဒေသကြီး,MMR009016,Aunglan,အောင်လံ,53,50,50,335,19,250,1257,978,218
MMR009,Magway,မကွေးတိုင်းဒေသကြီး,MMR009017,Sinbaungwe,ဆင်ပေါင်ဝဲ,0,277,0,163,6,5,341,157,29
MMR009,Magway,မကွေးတိုင်းဒေသကြီး,MMR009018,Pakokku,ပခုက္ကူ,1509,130,0,461,39,145,1940,1183,484
MMR009,Magway,မကွေးတိုင်းဒေသကြီး,MMR009019,Yesagyo,ရေစကြို,970,1220,0,382,14,107,1000,1048,69
MMR009,Magway,မကွေးတိုင်းဒေသကြီး,MMR009020,Myaing,မြိုင်,637,742,0,391,2,0,833,654,46
MMR009,Magway,မကွေးတိုင်းဒေသကြီး,MMR009021,Pauk,ပေါက်,169,169,0,204,2,35,454,309,16
MMR009,Magway,မကွေးတိုင်းဒေသကြီး,MMR009022,Seikphyu,ဆိပ်ဖြူ,1610,392,0,177,3,103,346,224,44
MMR009,Magway,မကွေးတိုင်းဒေသကြီး,MMR009023,Gangaw,ဂန့်ဂေါ,Unknown,Unknown,Unknown,Unknown,Unknown,Unknown,Unknown,Unknown,Unknown
MMR009,Magway,မကွေးတိုင်းဒေသကြီး,MMR009024,Tilin,ထီးလင်း,70,250,0,100,6,100,172,17,26
MMR009,Magway,မကွေးတိုင်းဒေသကြီး,MMR009025,Saw,ဆော,1,345,0,122,4,4,215,33,37
MMR010,Mandalay,မန္တလေးတိုင်းဒေသကြီး,MMR010001,Aungmyaythazan,အောင်မြေသာဇံ,10,0,0,425,70,144,4175,4546,1587
MMR010,Mandalay,မန္တလေးတိုင်းဒေသကြီး,MMR010002,Chanayethazan,ချမ်းအေးသာဇံ,11,19,0,434,10,222,2963,1987,297
MMR010,Mandalay,မန္တလေးတိုင်းဒေသကြီး,MMR010003,Mahaaungmyay,မဟာအောင်မြေ,Unknown,Unknown,Unknown,Unknown,Unknown,Unknown,Unknown,Unknown,Unknown
MMR010,Mandalay,မန္တလေးတိုင်းဒေသကြီး,MMR010004,Chanmyathazi,ချမ်းမြသာစည်,16,39,0,415,0,155,3834,1961,0
MMR010,Mandalay,မန္တလေးတိုင်းဒေသကြီး,MMR010005,Pyigyitagon,ပြည်ကြီးတံခွန်,0,3,0,647,127,87,3363,3390,1399
MMR010,Mandalay,မန္တလေးတိုင်းဒေသကြီး,MMR010006,Amarapura,အမရပူရ,10,1715,0,269,28,46,2796,2010,455
MMR010,Mandalay,မန္တလေးတိုင်းဒေသကြီး,MMR010007,Patheingyi,ပုသိမ်ကြီး,853,359,0,392,41,0,2499,2561,686
MMR010,Mandalay,မန္တလေးတိုင်းဒေသကြီး,MMR010008,Pyinoolwin,ပြင်ဦးလွင်,698,0,0,224,27,37,2004,1687,1005
MMR010,Mandalay,မန္တလေးတိုင်းဒေသကြီး,MMR010009,Madaya,မတ္တရာ,1570,360,0,412,11,140,1530,868,118
MMR010,Mandalay,မန္တလေးတိုင်းဒေသကြီး,MMR010010,Singu,စဉ့်ကူး,187,362,0,217,0,34,838,706,33
MMR010,Mandalay,မန္တလေးတိုင်းဒေသကြီး,MMR010011,Mogoke,မိုးကုတ်,7,218,46,307,4,35,1392,957,77
MMR010,Mandalay,မန္တလေးတိုင်းဒေသကြီး,MMR010012,Thabeikkyin,သပိတ်ကျဉ်း,402,108,0,85,0,30,412,568,18
MMR010,Mandalay,မန္တလေးတိုင်းဒေသကြီး,MMR010013,Kyaukse,ကျောက်ဆည်,217,93,0,313,2,4,2481,1784,394
MMR010,Mandalay,မန္တလေးတိုင်းဒေသကြီး,MMR010014,Sintgaing,စဉ့်ကိုင်,3000,60,8,249,24,0,1257,870,274
MMR010,Mandalay,မန္တလေးတိုင်းဒေသကြီး,MMR010015,Myittha,မြစ်သား,565,0,0,267,14,68,974,673,60
MMR010,Mandalay,မန္တလေးတိုင်းဒေသကြီး,MMR010016,Tada-U,တံတားဦး,6402,1405,4,279,20,1,1025,1414,19
MMR010,Mandalay,မန္တလေးတိုင်းဒေသကြီး,MMR010017,Myingyan,မြင်းခြံ,369,1110,30,461,11,196,1682,1779,213
MMR010,Mandalay,မန္တလေးတိုင်းဒေသကြီး,MMR010018,Taungtha,တောင်သာ,1074,452,32,355,12,49,985,941,108
MMR010,Mandalay,မန္တလေးတိုင်းဒေသကြီး,MMR010019,Natogyi,နွားထိုးကြီး,3370,1172,64,319,13,115,888,885,64
MMR010,Mandalay,မန္တလေးတိုင်းဒေသကြီး,MMR010020,Kyaukpadaung,ကျောက်ပန်းတောင်း,1111,1294,148,499,7,260,1323,1978,330
MMR010,Mandalay,မန္တလေးတိုင်းဒေသကြီး,MMR010021,Ngazun,ငါန်းဇွန်,427,427,0,254,2,0,851,668,78
MMR010,Mandalay,မန္တလေးတိုင်းဒေသကြီး,MMR010022,Nyaung-U,ညောင်ဦး,1508,333,7,412,4,153,996,884,130
MMR010,Mandalay,မန္တလေးတိုင်းဒေသကြီး,MMR010023,Yamethin,ရမည်းသင်း,1445,1000,0,353,11,104,1171,2299,93
MMR010,Mandalay,မန္တလေးတိုင်းဒေသကြီး,MMR010024,Pyawbwe,ပျော်ဘွယ်,105,406,0,405,11,80,1284,2046,160
MMR010,Mandalay,မန္တလေးတိုင်းဒေသကြီး,MMR010028,Meiktila,မိတ္ထီလာ,0,1013,0,445,13,87,2560,2364,430
MMR010,Mandalay,မန္တလေးတိုင်းဒေသကြီး,MMR010029,Mahlaing,မလှိုင်,112,333,0,279,3,279,1019,1551,132
MMR010,Mandalay,မန္တလေးတိုင်းဒေသကြီး,MMR010030,Thazi,သာစည်,160,207,0,302,2,143,1241,1477,151
MMR010,Mandalay,မန္တလေးတိုင်းဒေသကြီး,MMR010031,Wundwin,ဝမ်းတွင်း,10,589,0,324,5,77,1123,1097,165
MMR011,Mon,မွန်ပြည်နယ်,MMR011001,Mawlamyine,မော်လမြိုင်,11,12,0,390,59,37,3801,3204,1185
MMR011,Mon,မွန်ပြည်နယ်,MMR011002,Kyaikmaraw,ကျိုက္မရော,22,8,0,190,0,29,958,510,65
MMR011,Mon,မွန်ပြည်နယ်,MMR011003,Chaungzon,ချောင်းဆုံ,9,11,0,205,0,15,925,401,18
MMR011,Mon,မွန်ပြည်နယ်,MMR011004,Thanbyuzayat,သံဖြူဇရပ်,70,16,0,211,38,18,1158,962,321
MMR011,Mon,မွန်ပြည်နယ်,MMR011005,Mudon,မုဒုံ,5127,218,0,282,38,0,2057,1487,430
MMR011,Mon,မွန်ပြည်နယ်,MMR011006,Ye,ရေး,18,6,0,208,11,8,1934,1466,233
MMR011,Mon,မွန်ပြည်နယ်,MMR011007,Thaton,သထုံ,95,322,25,319,56,348,3355,3125,356
MMR011,Mon,မွန်ပြည်နယ်,MMR011008,Paung,ပေါင်,15,19,0,319,56,69,1940,719,162
MMR011,Mon,မွန်ပြည်နယ်,MMR011009,Kyaikto,ကျိုက်ထို,4,226,0,344,30,0,2410,1364,175
MMR011,Mon,မွန်ပြည်နယ်,MMR011010,Bilin,ဘီးလင်း,0,9,0,391,42,239,2117,1009,381
MMR012,Rakhine,ရခိုင်ပြည်နယ်,MMR012001,Sittwe,စစ်တွေ,5,5,0,172,4,30,1030,1699,240
MMR012,Rakhine,ရခိုင်ပြည်နယ်,MMR012002,Ponnagyun,ပုဏ္ဏားကျွန်း,60,55,0,186,8,20,388,465,33
MMR012,Rakhine,ရခိုင်ပြည်နယ်,MMR012003,Mrauk-U,မြောက်ဦး,72,159,4,365,28,1,694,520,105
MMR012,Rakhine,ရခိုင်ပြည်နယ်,MMR012004,Kyauktaw,ကျောက်တော်,1,11,0,257,70,5,504,280,70
MMR012,Rakhine,ရခိုင်ပြည်နယ်,MMR012005,Minbya,မင်းပြား,10,18,0,280,1,1,474,408,25
MMR012,Rakhine,ရခိုင်ပြည်နယ်,MMR012006,Myebon,မြေပုံ,50,149,0,179,0,31,247,199,6
MMR012,Rakhine,ရခိုင်ပြည်နယ်,MMR012007,Pauktaw,ပေါက်တော,10,19,0,244,0,4,339,432,20
MMR012,Rakhine,ရခိုင်ပြည်နယ်,MMR012008,Rathedaung,ရသေ့တောင်,18,59,10,200,0,4,315,461,20
MMR012,Rakhine,ရခိုင်ပြည်နယ်,MMR012009,Maungdaw,မောင်တော,15,62,0,84,0,18,159,127,3
MMR012,Rakhine,ရခိုင်ပြည်နယ်,MMR012010,Buthidaung,ဘူးသီးတောင်,13,19,1,137,0,30,186,58,19
MMR012,Rakhine,ရခိုင်ပြည်နယ်,MMR012011,Kyaukpyu,ကျောက်ဖြူ,7,7,1,923,0,3,570,325,21
MMR012,Rakhine,ရခိုင်ပြည်နယ်,MMR012012,Munaung,မာန်အောင်,27,70,0,139,3,0,195,51,17
MMR012,Rakhine,ရခိုင်ပြည်နယ်,MMR012013,Ramree,ရမ်းဗြဲ,3,78,2,204,4,2,294,131,20
MMR012,Rakhine,ရခိုင်ပြည်နယ်,MMR012014,Ann,အမ်း,7,95,0,165,0,4,247,173,20
MMR012,Rakhine,ရခိုင်ပြည်နယ်,MMR012015,Thandwe,သံတွဲ,2,78,0,224,0,210,372,256,25
MMR012,Rakhine,ရခိုင်ပြည်နယ်,MMR012016,Toungup,တောင်ကုတ်,27,585,3,183,2,23,402,221,37
MMR012,Rakhine,ရခိုင်ပြည်နယ်,MMR012017,Gwa,ဂွ,137,46,2,144,0,3,286,246,23
MMR013,Yangon,ရန်ကုန်ဒေသကြီး,MMR013001,Insein,အင်းစိန်,2,4,0,120,30,61,1729,1683,383
MMR013,Yangon,ရန်ကုန်ဒေသကြီး,MMR013002,Mingaladon,မင်္ဂလာဒုံ,384,118,0,425,172,103,6268,3359,3349
MMR013,Yangon,ရန်ကုန်ဒေသကြီး,MMR013003,Hmawbi,မှော်ဘီ,0,2,0,456,10,20,2776,2256,740
MMR013,Yangon,ရန်ကုန်ဒေသကြီး,MMR013004,Hlegu,လှည်းကူး,5,342,0,360,88,0,2010,919,932
MMR013,Yangon,ရန်ကုန်ဒေသကြီး,MMR013005,Taikkyi,တိုက်ကြီး,4,4,0,367,37,30,1673,611,278
MMR013,Yangon,ရန်ကုန်ဒေသကြီး,MMR013006,Htantabin,ထန်းတပင်,13,95,0,151,2,20,765,327,9
MMR013,Yangon,ရန်ကုန်ဒေသကြီး,MMR013007,Shwepyithar,ရွှေပြည်သာ,3,3,0,178,30,27,550,750,602
MMR013,Yangon,ရန်ကုန်ဒေသကြီး,MMR013008,Hlaingtharya,လှိုင်သာယာ,0,3,0,157,6,3,1811,1493,680
MMR013,Yangon,ရန်ကုန်ဒေသကြီး,MMR013009,Thingangyun,သင်္ဃန်းကျွန်း,0,5,0,184,18,28,2485,1402,1308
MMR013,Yangon,ရန်ကုန်ဒေသကြီး,MMR013010,Yankin,ရန်ကင်း,1,1,0,45,1,13,1158,604,174
MMR013,Yangon,ရန်ကုန်ဒေသကြီး,MMR013011,South Okkalapa,တောင်ဥက္ကလာပ,0,1,0,161,5,32,1975,1185,65
MMR013,Yangon,ရန်ကုန်ဒေသကြီး,MMR013012,North Okkalapa,မြောက်ဥက္ကလာပ,1,23,0,279,81,98,2472,2130,1017
MMR013,Yangon,ရန်ကုန်ဒေသကြီး,MMR013013,Thaketa,သာကေတ,0,3,0,212,4,55,2051,1420,80
MMR013,Yangon,ရန်ကုန်ဒေသကြီး,MMR013014,Dawbon,ဒေါပုံ,0,13,0,34,0,9,481,197,7
MMR013,Yangon,ရန်ကုန်ဒေသကြီး,MMR013015,Tamwe,တာမွေ,0,11,0,72,0,25,1275,896,13
MMR013,Yangon,ရန်ကုန်ဒေသကြီး,MMR013016,Pazundaung,ပုဇွန်တောင်,0,5,0,29,0,12,457,176,3
MMR013,Yangon,ရန်ကုန်ဒေသကြီး,MMR013017,Botahtaung,ဗိုလ်တထောင်,0,0,0,5,0,10,180,118,0
MMR013,Yangon,ရန်ကုန်ဒေသကြီး,MMR013018,Dagon Myothit (South),ဒဂုံမြို့သစ်တောင်ပိုင်း,0,2,0,142,41,32,1499,1052,791
MMR013,Yangon,ရန်ကုန်ဒေသကြီး,MMR013019,Dagon Myothit (North),ဒဂုံမြို့သစ်မြောက်ပိုင်း,7,0,0,50,5,0,895,698,398
MMR013,Yangon,ရန်ကုန်ဒေသကြီး,MMR013020,Dagon Myothit (East),ဒဂုံမြို့သစ်အရှေ့ပိုင်း,0,1,0,230,19,0,1579,885,268
MMR013,Yangon,ရန်ကုန်ဒေသကြီး,MMR013021,Dagon Myothit (Seikkan),ဒဂုံမြို့သစ်ဆိပ်ကမ်း,0,14,0,49,7,25,544,352,148
MMR013,Yangon,ရန်ကုန်ဒေသကြီး,MMR013022,Mingalartaungnyunt,မင်္ဂလာတောင်ညွန့်,0,11,11,69,0,25,704,469,0
MMR013,Yangon,ရန်ကုန်ဒေသကြီး,MMR013023,Thanlyin,သန်လျှင်,1,145,0,206,31,36,1884,1184,2049
MMR013,Yangon,ရန်ကုန်ဒေသကြီး,MMR013024,Kyauktan,ကျောက်တန်း,6,63,0,168,56,66,914,477,928
MMR013,Yangon,ရန်ကုန်ဒေသကြီး,MMR013025,Thongwa,သုံးခွ,11,185,0,130,201,1,1013,273,92
MMR013,Yangon,ရန်ကုန်ဒေသကြီး,MMR013026,Kayan,ခရမ်း,100,40,0,132,3,0,849,494,43
MMR013,Yangon,ရန်ကုန်ဒေသကြီး,MMR013027,Twantay,တွံတေး,104,0,0,263,32,11,1836,647,436
MMR013,Yangon,ရန်ကုန်ဒေသကြီး,MMR013028,Kawhmu,ကော့မှုး,5,130,0,146,1,62,779,509,57
MMR013,Yangon,ရန်ကုန်ဒေသကြီး,MMR013029,Kungyangon,ကွမ်းခြံကုန်း,1,9,0,146,1,6,648,487,79
MMR013,Yangon,ရန်ကုန်ဒေသကြီး,MMR013030,Dala,ဒလ,30,8,0,87,7,87,731,480,30
MMR013,Yangon,ရန်ကုန်ဒေသကြီး,MMR013031,Seikgyikanaungto,ဆိပ်ကြီးခနောင်တို,0,16,0,15,0,15,181,63,4
MMR013,Yangon,ရန်ကုန်ဒေသကြီး,MMR013032,Cocokyun,ကိုကိုးကျွန်း,2,1,0,1,0,0,4,0,0
MMR013,Yangon,ရန်ကုန်ဒေသကြီး,MMR013033,Kyauktada,ကျောက်တံတား,0,2,0,0,0,22,0,0,0
MMR013,Yangon,ရန်ကုန်ဒေသကြီး,MMR013034,Pabedan,ပန်းပဲတန်း,0,0,0,1,0,18,42,43,0
MMR013,Yangon,ရန်ကုန်ဒေသကြီး,MMR013035,Lanmadaw,လမ်းမတော်,0,3,0,66,0,10,446,156,0
MMR013,Yangon,ရန်ကုန်ဒေသကြီး,MMR013036,Latha,လသာ,0,0,0,0,0,7,0,0,0
MMR013,Yangon,ရန်ကုန်ဒေသကြီး,MMR013037,Ahlone,အလုံ,0,6,0,9,0,22,338,228,0
MMR013,Yangon,ရန်ကုန်ဒေသကြီး,MMR013038,Kyeemyindaing,ကြည့်မြင်တိုင်,1,8,0,21,0,24,462,267,0
MMR013,Yangon,ရန်ကုန်ဒေသကြီး,MMR013039,Sanchaung,စမ်းချောင်း,1,5,0,144,5,7,1626,700,343
MMR013,Yangon,ရန်ကုန်ဒေသကြီး,MMR013040,Hlaing,လှိုင်,19,0,0,63,3,30,944,665,107
MMR013,Yangon,ရန်ကုန်ဒေသကြီး,MMR013041,Kamaryut,ကမာရွတ်,3,7,0,21,0,16,286,223,0
MMR013,Yangon,ရန်ကုန်ဒေသကြီး,MMR013042,Mayangone,မရမ်းကုန်း,0,3,1,135,29,65,2671,2297,1279
MMR013,Yangon,ရန်ကုန်ဒေသကြီး,MMR013043,Dagon,ဒဂုံ,0,6,0,45,8,0,436,77,18
MMR013,Yangon,ရန်ကုန်ဒေသကြီး,MMR013044,Bahan,ဗဟန်း,Unknown,Unknown,Unknown,294,41,16,3105,1505,1189
MMR013,Yangon,ရန်ကုန်ဒေသကြီး,MMR013045,Seikkan,ဆိပ်ကမ်း,0,14,0,49,7,25,544,352,148
MMR222,Shan,ရှမ်းပြည်နယ်,MMR014001,Taunggyi,တောင်ကြီး,6,66,2,303,31,58,2235,5100,495
MMR222,Shan,ရှမ်းပြည်နယ်,MMR014002,Nyaungshwe,ညောင်ရွှေ,515,495,3,235,1,70,880,1666,165
MMR222,Shan,ရှမ်းပြည်နယ်,MMR014003,Hopong,ဟိုပုံး,2,99,0,139,1,1,515,1982,15
MMR222,Shan,ရှမ်းပြည်နယ်,MMR014004,Hsihseng,ဆီဆိုင်,71,55,0,181,1,2,570,2599,13
MMR222,Shan,ရှမ်းပြည်နယ်,MMR014005,Kalaw,ကလော,495,223,0,187,2,97,1199,1561,111
MMR222,Shan,ရှမ်းပြည်နယ်,MMR014006,Pindaya,ပင်းတယ,1002,920,0,117,0,3,435,601,5
MMR222,Shan,ရှမ်းပြည်နယ်,MMR014007,Ywangan,ရွာငံ,282,126,0,130,1,6,434,247,19
MMR222,Shan,ရှမ်းပြည်နယ်,MMR014008,Lawksawk,ရပ်စောက်,150,239,0,207,0,8,560,1150,46
MMR222,Shan,ရှမ်းပြည်နယ်,MMR014009,Pinlaung,ပင်လောင်း,350,108,0,185,1,0,675,1162,1837
MMR222,Shan,ရှမ်းပြည်နယ်,MMR014010,Pekon,ဖယ်ခုံ,4,81,0,101,1,9,252,320,62
MMR222,Shan,ရှမ်းပြည်နယ်,MMR014011,Loilen,လွိုင်လင်,1,14,0,43,2,2,629,3818,9
MMR222,Shan,ရှမ်းပြည်နယ်,MMR014012,Laihka,လဲချား,3,108,0,77,0,1,160,924,0
MMR222,Shan,ရှမ်းပြည်နယ်,MMR014013,Nansang,နမ့်စန်,8,33,0,150,1,2,364,1154,22
MMR222,Shan,ရှမ်းပြည်နယ်,MMR014014,Kunhing,ကွန်ဟိန်း,0,4,0,86,0,1,191,898,5
MMR222,Shan,ရှမ်းပြည်နယ်,MMR014015,Kyethi,ကျေးသီး,176,167,0,59,0,2,155,840,4
MMR222,Shan,ရှမ်းပြည်နယ်,MMR014016,Mongkaing,မိုင်းကိုင်,52,50,0,162,0,0,317,1311,5
MMR222,Shan,ရှမ်းပြည်နယ်,MMR014017,Monghsu,မိုင်းရှုး,810,30,2,107,0,8,207,1073,10
MMR222,Shan,ရှမ်းပြည်နယ်,MMR014018,Langkho,လင်းခေး,7,9,,67,0,0,174,397,571
MMR222,Shan,ရှမ်းပြည်နယ်,MMR014019,Mongnai,မိုးနဲ,617,489,0,54,1,9,121,707,9
MMR222,Shan,ရှမ်းပြည်နယ်,MMR014020,Mawkmai,မောက်မယ်,134,169,0,74,0,5,138,898,1
MMR222,Shan,ရှမ်းပြည်နယ်,MMR014021,Mongpan,မိုင်းပန်,112,46,0,39,0,5,101,99,0
MMR222,Shan,ရှမ်းပြည်နယ်,MMR015001,Lashio,လားရှိုး,6,8,0,84,6,9,1345,3950,486
MMR222,Shan,ရှမ်းပြည်နယ်,MMR015002,Hseni,သိန်းနီ,24,39,0,34,1,1,135,516,42
MMR222,Shan,ရှမ်းပြည်နယ်,MMR015003,Mongyai,မိုင်းရယ်,42,31,0,82,0,15,199,1133,0
MMR222,Shan,ရှမ်းပြည်နယ်,MMR015004,Tangyan,တန့်ယန်း,27,0,0,207,1,0,585,2735,395
MMR222,Shan,ရှမ်းပြည်နယ်,MMR015005,Pangsang,ပန်ဆန်း,Unknown,Unknown,Unknown,Unknown,Unknown,Unknown,Unknown,Unknown,Unknown
MMR222,Shan,ရှမ်းပြည်နယ်,MMR015006,Narphan,နားဖန့်,Unknown,Unknown,Unknown,Unknown,Unknown,Unknown,Unknown,Unknown,Unknown
MMR222,Shan,ရှမ်းပြည်နယ်,MMR015007,Pangwaun,ပန်ဝိုင်း,Unknown,Unknown,Unknown,Unknown,Unknown,Unknown,Unknown,Unknown,Unknown
MMR222,Shan,ရှမ်းပြည်နယ်,MMR015008,Mongmao,မိုင်းမော,Unknown,Unknown,Unknown,Unknown,Unknown,Unknown,Unknown,Unknown,Unknown
MMR222,Shan,ရှမ်းပြည်နယ်,MMR015009,Muse,မူဆယ်,29,35,74,97,1,23,368,542,373
MMR222,Shan,ရှမ်းပြည်နယ်,MMR015010,Namhkan,နမ့်ခမ်း,95,3,0,102,0,28,247,364,127
MMR222,Shan,ရှမ်းပြည်နယ်,MMR015011,Kutkai,ကွတ်ခိုင်,0,29,0,137,1,0,221,708,31
MMR222,Shan,ရှမ်းပြည်နယ်,MMR015012,Kyaukme,ကျောက်မဲ,0,83,0,324,2,0,557,2185,338
MMR222,Shan,ရှမ်းပြည်နယ်,MMR015013,Nawnghkio,နောင်ချို,150,300,0,141,14,140,568,1156,318
MMR222,Shan,ရှမ်းပြည်နယ်,MMR015014,Hsipaw,သီပေါ,10,18,0,197,2,1,700,2738,424
MMR222,Shan,ရှမ်းပြည်နယ်,MMR015015,Namtu,နမ္မတူ,25,12,25,65,0,2,180,544,19
MMR222,Shan,ရှမ်းပြည်နယ်,MMR015016,Namhsan,နမ့်ဆန်,8,33,0,150,1,2,364,1154,22
MMR222,Shan,ရှမ်းပြည်နယ်,MMR015017,Mongmit,မိုးမိတ်,16,20,0,60,11,7,272,362,87
MMR222,Shan,ရှမ်းပြည်နယ်,MMR015018,Mabein,မဘိမ်း,55,96,0,55,3,4,202,106,20
MMR222,Shan,ရှမ်းပြည်နယ်,MMR015019,Manton,မန်တုန်,1,4,0,69,0,1,126,221,9
MMR222,Shan,ရှမ်းပြည်နယ်,MMR015020,Kunlong,ကွမ်းလုံ,0,10,0,33,0,0,63,48,0
MMR222,Shan,ရှမ်းပြည်နယ်,MMR015021,Hopang,ဟိုပန်,6,12,0,34,1,5,75,389,0
MMR222,Shan,ရှမ်းပြည်နယ်,MMR015022,Laukkaing,လောက်ကိုင်,15,0,0,25,1,0,78,145,223
MMR222,Shan,ရှမ်းပြည်နယ်,MMR015023,Konkyan,ကုန်းကြမ်း,5,5,0,1,0,0,5,1,6
MMR222,Shan,ရှမ်းပြည်နယ်,MMR015024,Matman,မက်မန်း,0,15,0,36,0,0,75,356,0
MMR222,Shan,ရှမ်းပြည်နယ်,MMR016001,Kengtung,ကျိုင်းတုံ,84,0,1503,322,1,67,817,2717,66
MMR222,Shan,ရှမ်းပြည်နယ်,MMR016002,Mongkhet,မိုင်းခတ်,3,30,0,59,0,0,83,529,0
MMR222,Shan,ရှမ်းပြည်နယ်,MMR016003,Mongyang,မိုင်းယန်း,52,0,0,16,0,2,32,178,0
MMR222,Shan,ရှမ်းပြည်နယ်,MMR016005,Mongla,မိုင်းလား,Unknown,Unknown,Unknown,Unknown,Unknown,Unknown,Unknown,Unknown,Unknown
MMR222,Shan,ရှမ်းပြည်နယ်,MMR016006,Monghsat,မိုင်းဆတ်,0,50,0,40,1,17,84,380,42
MMR222,Shan,ရှမ်းပြည်နယ်,MMR016007,Mongping,မိုင်းပျင်း,29,29,0,126,0,1,196,1147,2
MMR222,Shan,ရှမ်းပြည်နယ်,MMR016008,Mongton,မိုင်းတုံ,197,28,4,40,0,27,94,244,7
MMR222,Shan,ရှမ်းပြည်နယ်,MMR016009,Tachileik,တာချီလိတ်,3,84,0,167,3,1,775,1931,75
MMR222,Shan,ရှမ်းပြည်နယ်,MMR016010,Monghpyak,မိုင်းဖြတ်,1,33,0,50,0,0,98,445,0
MMR222,Shan,ရှမ်းပြည်နယ်,MMR016011,Mongyawng,မိုင်းယောင်း,88,36,0,103,0,88,242,928,0
MMR017,Ayeyarwady,ဧရာဝတီတိုင်းဒေသကြီး,MMR017001,Pathein,ပုသိမ်,27,437,0,412,66,303,1848,1017,416
MMR017,Ayeyarwady,ဧရာဝတီတိုင်းဒေသကြီး,MMR017002,Kangyidaunt,ကန်ကြီးထောင့်,63,142,0,232,2,16,626,258,32
MMR017,Ayeyarwady,ဧရာဝတီတိုင်းဒေသကြီး,MMR017003,Thabaung,သာပေါင်း,0,145,0,218,7,25,525,179,21
MMR017,Ayeyarwady,ဧရာဝတီတိုင်းဒေသကြီး,MMR017004,Ngapudaw,ငပုတော,96,42,0,257,0,27,614,217,3
MMR017,Ayeyarwady,ဧရာဝတီတိုင်းဒေသကြီး,MMR017005,Kyonpyaw,ကျုံပျော်,387,144,0,300,3,60,958,404,129
MMR017,Ayeyarwady,ဧရာဝတီတိုင်းဒေသကြီး,MMR017006,Yegyi,ရေကြည်,23,95,0,267,29,32,880,409,140
MMR017,Ayeyarwady,ဧရာဝတီတိုင်းဒေသကြီး,MMR017007,Kyaunggon,ကျောင်းကုန်း,56,20,0,216,1,5,665,363,57
MMR017,Ayeyarwady,ဧရာဝတီတိုင်းဒေသကြီး,MMR017008,Hinthada,ဟင်္သာတ,15,4,0,448,32,65,1799,1607,625
MMR017,Ayeyarwady,ဧရာဝတီတိုင်းဒေသကြီး,MMR017009,Zalun,ဇလွန်,3,12,0,170,11,7,676,769,48
MMR017,Ayeyarwady,ဧရာဝတီတိုင်းဒေသကြီး,MMR017010,Lemyethna,လေးမျက်နှာ,22,71,0,192,2,14,509,168,41
MMR017,Ayeyarwady,ဧရာဝတီတိုင်းဒေသကြီး,MMR017011,Myanaung,မြန်အောင်,6,1,1,338,3,25,778,446,223
MMR017,Ayeyarwady,ဧရာဝတီတိုင်းဒေသကြီး,MMR017012,Kyangin,ကြံခင်း,11,30,0,170,3,5,392,261,44
MMR017,Ayeyarwady,ဧရာဝတီတိုင်းဒေသကြီး,MMR017013,Ingapu,အင်္ဂပူ,2,27,0,375,14,1,960,410,113
MMR017,Ayeyarwady,ဧရာဝတီတိုင်းဒေသကြီး,MMR017014,Myaungmya,မြောင်းမြ,13,75,0,374,3,214,1220,584,230
MMR017,Ayeyarwady,ဧရာဝတီတိုင်းဒေသကြီး,MMR017015,Einme,အိမ္မဲ,95,62,0,251,2,32,604,230,37
MMR017,Ayeyarwady,ဧရာဝတီတိုင်းဒေသကြီး,MMR017016,Labutta,လပွတ္တာ,35,96,0,440,7,51,1184,512,86
MMR017,Ayeyarwady,ဧရာဝတီတိုင်းဒေသကြီး,MMR017017,Wakema,ဝါးခယ်မ,9,80,0,434,9,72,1288,399,72
MMR017,Ayeyarwady,ဧရာဝတီတိုင်းဒေသကြီး,MMR017018,Mawlamyinegyun,မော်လမြိုင်ကျွန်း,53,179,0,382,5,2,1161,683,88
MMR017,Ayeyarwady,ဧရာဝတီတိုင်းဒေသကြီး,MMR017019,Maubin,မအူပင်,8,30,0,367,39,41,1685,859,314
MMR017,Ayeyarwady,ဧရာဝတီတိုင်းဒေသကြီး,MMR017020,Pantanaw,ပန်းတနော်,231,231,0,307,15,0,1176,548,89
MMR017,Ayeyarwady,ဧရာဝတီတိုင်းဒေသကြီး,MMR017021,Nyaungdon,ညောင်တုန်း,60,18,20,237,21,84,1180,625,111
MMR017,Ayeyarwady,ဧရာဝတီတိုင်းဒေသကြီး,MMR017022,Danubyu,ဓနုဖြူ,1,166,0,227,5,7,1100,679,72
MMR017,Ayeyarwady,ဧရာဝတီတိုင်းဒေသကြီး,MMR017023,Pyapon,ဖျာပုံ,64,90,1,284,4,10,1560,1092,129
MMR017,Ayeyarwady,ဧရာဝတီတိုင်းဒေသကြီး,MMR017024,Bogale,ဘိုကလေး,320,250,0,438,15,115,1382,796,82
MMR017,Ayeyarwady,ဧရာဝတီတိုင်းဒေသကြီး,MMR017025,Kyaiklat,ကျိုက်လတ်,106,417,0,228,5,2,769,446,37
MMR017,Ayeyarwady,ဧရာဝတီတိုင်းဒေသကြီး,MMR017026,Dedaye,ဒေးဒရဲ,293,92,0,266,0,73,961,453,55
MMR018,Naypyitaw  Council,နေပြည်တော်,MMR018001,Zay Yar Thi Ri,ဇေယျာသီရိ,4,2,0,29,0,16,365,213,0
MMR018,Naypyitaw  Council,နေပြည်တော်,MMR018002,Za Bu Thi Ri,ဇမ္ဗူသီရိ,4,2,0,29,0,16,365,213,0
MMR018,Naypyitaw  Council,နေပြည်တော်,MMR018003,Tatkon,တပ်ကုန်း,5,2,0,232,9,1,999,1464,116
MMR018,Naypyitaw  Council,နေပြည်တော်,MMR018004,Det Khi Na Thi Ri,ဒက္ခိဏသီရိ,1,4,0,43,2,0,257,194,202
MMR018,Naypyitaw  Council,နေပြည်တော်,MMR018005,Poke Ba Thi Ri,ပုဗ္ဗသီရိ,2,9,5,97,5,14,479,510,208
MMR018,Naypyitaw  Council,နေပြည်တော်,MMR018006,Pyinmana,ပျဉ်းမနား,3,5,0,205,24,35,1166,1440,324
MMR018,Naypyitaw  Council,နေပြည်တော်,MMR018007,Lewe,လယ်ဝေး,0,135,0,338,7,76,1362,1150,118
MMR018,Naypyitaw  Council,နေပြည်တော်,MMR018008,Oke Ta Ra Thi Ri,ဥတ္တရသီရိ,35,89,0,70,0,10,306,189,6
